seq_id,sequence,action,label,reason
IGHD1-1*01,GGTACAGCTGGAACTAT,none,T5SZ,exact
IGHD1-1-1*01,GGTATAGCTGGAACTAT,none,2J4B,exact
IGHD1-14*01,GGTATAGCTGGAACGAC,none,EGKR,exact
IGHD1-20*01,GGTATAGCTGGAACAAC,none,7SPG,exact
IGHD1-26*01,GGTATAACTGGAACTAC,none,BKY4,exact
IGHD1-32*01,GGTATAACTGGAATGAC,none,RIPD,exact
IGHD1-38*01,GGAACACCTGGAACGAC,none,QQWR,exact
IGHD1-44*01,AGTATAGTGGGAACTACAAC,none,BAAI,exact
IGHD1-44*02,GGTATAGTGGGAGCTACAAC,none,4XBI,exact
IGHD1-7*01,GGTATAGCTGGAACAAC,none,7SPG,exact
IGHD1-7*02,GGTATAACTGGAACGAC,none,HNIJ,exact
IGHD2-15*01,AGAATATTGTAGTAGTACTTACTGCTCCTCC,none,ELDI,exact
IGHD2-2*01,AGGATATTGTACTAGTACTACTTGCTATGCC,none,ANVS,exact
IGHD2-21*01,AGAATACTGTACTGGTAGTGGTTGCTATGCC,none,5Q35,exact
IGHD2-27*01,AGAATATTGTAGTGGTATTTACTGCTATGCC,none,JYXZ,exact
IGHD2-33*01,AGCACACTGTAGTGATAGTGGCTGCTCCTCC,none,B3VX,exact
IGHD2-39*01,AGCATATTGTAGTCGTGGTGTCTGCTACGCC,none,TVO6,exact
IGHD2-39*02,AGCATATTGTAGTGGTGGTGTCTGCTACACC,none,COSI,exact
IGHD2-8*01,AGGATATTGTAGTGGTGGTGTCTGCTACGCC,none,QKRU,exact
IGHD3-16*01,GTATTACTATAGTGGTAGTTATTACTAC,none,IQ3M,query_is_existing_sub
IGHD3-22*01,GTACTGGAGTGATTATTATGAC,none,7HR7,exact
IGHD3-28*01,GTATTACTATGATAGTGGTTATTACACC,add_new_subset,72Z4,query_is_new_sub
IGHD3-3*01,GTATTACAATTTTTGGACTGGTTATTATACC,none,LDYU,exact
IGHD3-34*01,GTACTGGGGTGATTATTATGAC,none,TYP3,exact
IGHD3-40*01,GTATTACGATTACGATATTAGTAGTCGATATTAAACC,none,SXKU,exact
IGHD3-9*01,GTATTACGAGGATGATTACGGTTACTATTACACC,add_new_subset,PSVV,query_is_new_sub
IGHD4-11*01,TGACTACCATAACTA,none,ZLQB,exact
IGHD4-17*01,TGACTATGGTAACTAC,add_new_subset,HJME,query_is_new_sub
IGHD4-23*01,TGAATACAGTAACTAC,none,W6GH,exact
IGHD4-29*01,TGACTACGGTAGCAGCTAC,add_new_superset,XUIQ,query_is_super
IGHD4-35*01,TGACTACGGTAACTAC,none,74CP,exact
IGHD4-4*01,TGACTATGGTAGCTAC,add_new_superset,KMEY,query_is_super
IGHD4-41*01,TGAATACAGTAACTAC,none,W6GH,exact
IGHD5-12*01,GTGGATACAGCTACAGTTAC,none,SIXJ,query_is_existing_sub
IGHD5-18*01,GTGGATACAGCTACAGTTAC,none,SIXJ,query_is_existing_sub
IGHD5-24*01,GGAGATACAGTGGGTACAGTTAC,none,MKDU,exact
IGHD5-30*01,GTGGATACAGTGGGTACAGTTAC,none,X76R,exact
IGHD5-36*01,GTGGATATAGCTACGGTTAC,none,75EJ,exact
IGHD5-36*02,GTGGATATAGCTACAGTTAC,none,AP7N,exact
IGHD5-42*01,GGGGATACAGTGGGTACAGTTAC,none,XVBC,exact
IGHD5-5*01,GTGGATACAGTGGGTACAGTTAC,none,X76R,exact
IGHD6-13*01,GGGTATAGCAGCTGGTCC,none,64ZP,exact
IGHD6-19*01,GGGTATAGCAGCAGATCC,none,ZH6I,exact
IGHD6-25*01,GGGTATAGCGGCAGCTGGAAC,none,T3KD,exact
IGHD6-31*01,GGGTATAGCAGCGGCTGGTAC,none,M23Z,exact
IGHD6-37*01,GGGTATAGCGGTGGCTGGTCC,none,S45X,exact
IGHD6-43*01,GGGTATAGCAGCAGCTAC,none,I5PF,exact
IGHD6-6*01,GGGTATAGCAGCGGCTGGTAC,none,M23Z,exact
IGHD7-45*01,CTAACTGGGGA,none,C7RJ,exact
IGHJ1*01,GCTGAATACTTCGAGTTCTGGGGCCAGGGCGCCCTGGTCACCGTCTCCTCAG,none,W7K3,exact
IGHJ1*02,GCTGAATACTTCGAGTTCTGGGGCCAGGGCGCCCTGGTCACCGTCTCCTCCG,none,PVVP,exact
IGHJ2*01,CTACTGGTACTTCGATCTCTGGGGCCCTGGCACCCCAATCACCATCTCCTCAG,none,HYN7,exact
IGHJ3*01,TGATGCTTTTGATTTCTGGGGCCAAGGGCTCAGGGTCACCGTCTCTTCAG,none,XRNC,exact
IGHJ4*01,ACTACTTTGACTACTGGGGCCAGGGAGTCCTGGTCACCGTCTCCTCAG,none,JSJ6,exact
IGHJ5-1*01,ACAACCGGTTCGATGTCTGGGGCCCGGGAGTCCTGGTCACCGTCTCCTCAG,none,FH76,exact
IGHJ5-1*02,ACAACTGGTTCGATGTCTGGGGCCCGGGAGTCCTGGTCACCGTCTCCTCAG,none,2WCW,exact
IGHJ5-2*01,ACAACTCATTGGATGTCTGGGGCCAGGGAGTTCTGGTCACCGTCTCCTCAG,none,XD6S,exact
IGHJ5-2*02,ACAACTCATTGGATGTCTGGGGCCGGGGAGTTCTGGTCACCGTCTCCTCAG,none,NVPM,exact
IGHJ6*01,ATTACTACGGTTTGGATTCCTGGGGCCAAGGGGTCGTCGTCACCGTCTCCTCAG,none,GAIV,exact
IGHV1-111*01,GAGGTCCAGCTGGTACAGTCTGGGGCTGAGGTGAAGAAGCCTGGGGCCTCCGTGAAAATCTCCTGCAAGGCTTCTGGATACACCTTCACCGACTACTACCTGCACTGGGTGCGACAGGCTCCTGGAAAAGGGCTTGAGTGGATGGGACGTGTTGATCCTGAAGATGGTGAAGCAATACACGCACAGAAGTTCCAGGACAGAGTCACCATCACCAGGGACACGTCTACAGACACAGCCTACATGGAGCTGAGCAGCCTGAGATCTGAGGACACGGCCGTGTATTACTGTGCAACAGA,new_label,,no_match
IGHV1-111*02,GAGGTCCAGCTGGTGCAGTCTGGGGCTGAGGTGAAGAAGCCTGGGGCCTCCGTGAAAATCTCCTGCAAGGCTTCTGGATACACCTTCACCGACTACTACCTGCACTGGGTGCGACAGGCTCCTGGAAAAGGGCTTGAGTGGATGGGACGTGTTGATCCTGAAGATGGTGAAGCAATACACGCACAGAAGTTCCAGGACAGAGTCACCATCACCGCGGACACGTCTACAGACACAGCCTACATGGAGCTGAGCAGCCTGAGATCTGAGGACACGGCCGTGTATTACTGTGCAACAGA,none,UO62,exact
IGHV1-113*01,CAGGCCCAGCTGGTGCAGTCTGGGGCTGAGGTGAAGAAGCCTCTGTCCTCAATGAAGATCTCCTTCAAGGCTTCTGGATACACCTTCACCTACAACTTTATACATTGGGTGTGACAGGCCCCTGGACAAGGACTTGAGTGGATGGGATGGATGAACACTGGCAATGGTAACACAAAATATGCACAGAAGTTCCAGGGCAGAGTCACCATAACCAGGGACACGTCCATGAGCACAGCCTACATGGAGCTGAGCAGCCTGAGATCTGAGGACACGGCCGTGTATTACTGCGCAAGAGA,new_label,,no_match
IGHV1-113*02,CAGGCCCAGCTGGTGCAGTCTGGGGCTGAGGTGAGGAAGCCTCTGTCCTCAGTGAAGATCTCCTTCAAGGCTTCTGGATACACCTTCACCAACAACTTCATGCACTGGGTGTGACAGGCCCCTGGACAAGGACTTGAGTGGATGGGATGGATGAACACTGGCAATGGTAACACAAAATATGCACAGAAGTTCCATGGCAGAGTCACCATAACCAGGGACACGTCCATGAGCACAGCCTACATGGAGTTGAGCAGCCTGAGATCTGAGGACACGGCCGTGTATTACTGCGCAAGAGA,new_label,,no_match
IGHV1-130*01,CAGGTGCAGCAGGTGCAGTCTGGGGCTGAGGTGAAGCAGCCTGGGTCCTCAGTGAAGGTCTCCTGCAAGGCTTCTGGATACACCTTTACTAGCTCTGTTATGCAGTGGGTGCGACAGGCCCCTGGACAAGGCCTTCAGTAGATAGGACGGATCTGCCCTTACAATGGTAACACGAAGTATGCACAGAACTTCCAGGGCAGAGTCACCATGACCACGGACACGTCCACGAGCACAGCCTGCATGGAGCTGAGCAGACTGAGATCTGAGGACACGGTCGTGTATTACTGTGCGAAAGACA,new_label,,no_match
IGHV1-130*02,CAGGTGCAGCTGGTGCAGTCTGGGGCTGAGGTGAAGCAGCCTGGGTCCTCAGTGAAGGTCTCCTGTAAGGCTTCTGCAAGGCTTACTAGCTCTGTTATGCAGTGGGTGCGACAGGCCCCTGGACAAGGCCTTCAGTAGATAGGACGGATCTGCCCTTACAATGGTAACACGAAGTATGCACAGAACTTCCAGGGCAGAGTCACCATGACCACGGACACGTCCACGAGCACAGCCTGCATGGAGCTGAGCAGCCTGAGATCTGAGGACACAGCCGTGTATTACTGTACAAGAGACA,new_label,,no_match
IGHV1-138*01,CAGGTGCAGCTGGTGCAGTCTGGGGCTGAGGTGAAGAAGCCTGGATCCTCAGTGAAGGTCTCCTGCAAGGCTTCCGGATACATCTTCACTGACTACTACATGCACTGGGTGCGACAGGCCCCTGGACAAGGGCTTGAGTGGATGGGAGAAATCAACCCAAAAACTGGTGGCACAAACTATGCACAGAAGTTCCAGGGCAGAGTCACCACGACCAGAGACACATCGACGAGCACAGCCTACATGGAGCTGAGCAGCCTGAGATCTGAGGACACGGCCGTGTATTACTGTGAGAGAGA,new_label,,no_match
IGHV1-151*01,CAGGTCCAGCTGGTGCAGTCCGGGGCTGAGGTGAAGAAGCCTGGGGCCTCAGTGAAGCTCTCCTGCAAGGCTTCTGGATACACCTTCAGCATCTATGCCATCAGTTGGGTGCGACAGGCCCCTGGACAAGGGCTTGAGTGGATGGGAGGGATCATCCCTCTTGTTGGTATAACAAACTACGCACAGAAGTTCCAGGGCAGAGTCACGATTACCGCGGACACGTCCACAAGCACAGCCTACATGGAGCTGAGCAGCCTGAGATCTGAGGACACGGCCGTGTATTACTGTGCGAGAGG,none,MTFN,exact
IGHV1-156*01,GAGGTCCAGCTGGTGCAGTCTGGGGCTGAAGTGAAGAAGCCTGGGGCCTCAGTGAAGGTCTCCTGCAAGGTTTCCGGATACACCTTCACCGAATTATCCATGCACTGGGTGCGACAGGCCCCTGGAAAAGGGCTTGAGTGGATGGGAGGTGTTGATCCTGTATATGGTGAAATAATACACGCAGAGAAGTTCCAGGGCAGAGTCACCATGACCGAGGACACGTCTACAGACACAGCCTACATGGAGCTGAGCAGCCTGAGATCTGAGGACACGGCCGTGTATTACTGTGCGAGAGA,none,UE3Y,exact
IGHV1-156D*01,GAGGTCCAGCTGGTGCAGTCTGGGGCTGAGGTGAAGAAGCCTGGGGCCTCAGTGAAGGTCTCCTGCAAGGTTTCCGGATACACCTTCACCGAATTATCCATGCACTGGGTGCGACAGGCCCCTGGAAAAGGGCTTGAGTGGATGGGAGGTGTTGATCCTGTATATGGTGAAATAATACACGCAGAGAAGTTCCAGGGCAGAGTCACCATGACCGAGGACACGTCTACAGACACAGCCTACATGGAGCTGAGCAGCCTGAGATCTGAGGACACGGCCGTGTATTACTGTGCGAGAGA,none,GNLD,exact
IGHV1-180*01,CAGGTGCAGCTGGTGCAGTCTGGGGCTGAGATTAAGCAGCCTGGGGCCTCAGTGAAGCTCTCCTGCAAGGCTTCTGGATATACCTTCACTAGCTACTACATGCACTGGGTGAGACAGGCCCCTGGACAAGGCCTTGAGTGGATAGGACTGATCTCCCCTTACAATGGTAACAAAGGCTACGCACAGAACTTCCAGGGCAGAGTCACCATAACTACGGACACGTCCACGAGCACAGGCTACATGGAGCTGAGCAGCCTGAGATCTGAGGACACAGCCGTGTATTACTGTACGAGAGA,none,E6UJ,exact
IGHV1-197*01,CAGGTCCAGCTGGTGCAGTCTGGGGCTGAGGGGTAGAAGCCTGGGTCCTCAGTGAAGGTCTCCTGCAAGGCTTCTGGATACATCTTTACTAGCTCTGCTATGTAGTGGGTGTGACAGGCCCCTGGACAAGGCCTTGAGTGGATAGGAGTGATCATCATTGGCAATGGTAACACAGGCTATGCACAGAAGTTCCAGGGCAGAGTCACCATTACCAGGGACACGTCCATGAGCACAGCCTACGTGGAGCTGAGCAGCCTGAGATCCGAGGACATGGCCGTGTATTACTGTGCGGCAGA,new_label,,no_match
IGHV1-197*02,GAAGCCTGGGTCCTCAGTGAAGGTCTCCTGCAAGGCTTCTGGATACATCTTTACTAGCTCTGCTATGTAGTGGGTGCGACAGGCTCCTGGACAAGGCCTTGAGTGGATAGGAGTGATCATCATTGGCAATGGTAACACAGGCTATGCACAGAAGTTCCAGGGCAGAGTCACCATTACCAGGGACACGTCCATGAGCACAGCCTACGTGGAGCTGAGCAGCCTGAGATCCGAGGACACGGCCGTGTATTACTGTGCGGCAGA,new_label,,no_match
IGHV1-198*01,CAGGTCCAGCTGGTGCAGTCTGGGGCTGAGGTGAAGAAGCCTGGGGCCTCAGTGAAGGTTTCCTGCAAGGCTTCTGGATTCACCTTTGGCAGCTATGCTATCAGCTGGGTGCGACAGGCCCCTGGACAAGGGCTTGAGTGGATGGGAGTGATCATCCCTCTTGTTGGTGTAACAAACTACGCAGAGAAGTTCCAGGGCAGAGTCACGATTACCGCGGACACGTCCACAAGCACAGCCTACATGGAGCTGAGCAGCCTGAGATCTGAGGACACGGCCGTGTATTACTGTGCGAGAGG,none,AOCW,exact
IGHV1-198*02,CAGGTCCAGCTGGTGCAGTCCGGGGCTGAGGTGAAGAAGCCTGGGGCCTCAGTGAAGGTTTCCTGCAAGGCTTCTGGATTCACCTTCGGCAGCTATGCTATCAGCTGGGTGCGACAGGCCCCTGGACAAGGGCTTGAGTGGATGGGAGTGATCATCCCTCTTGTTGGTATAACAAACTACGCAGAGAAGTTCCAGGGCAGAGTCACGATTACCGCGGACACGTCCACAAGCACAGCCTACATGGAGCTGAGCAGCCTGAGATCTGAGGACACGGCCGTGTATTACTGTGCGAGAGG,none,LUBA,exact
IGHV1-200*01,CAGGTCCAGCTGGTGCAATCCGGGGCTGAGGTGAAGAAGCCTGGGGCCTCAGTGAAGCTCTCCTGCAAGGCTTCCGGTTATACCTTTACCAGCTACTATATAAACTGGGTGAGACAGGCCCCTGGACAAGGACTTGACTGGATGGGATGGATTAACCCTAGCAATGGTAATACAGGCTACGCACAGAAGTTCCAGGGCAGAGTCACCATGACCAGGGACACGTCCACGAGTACAGCCTACATGGAGCTGAACAGCCTGAGATCTGAGGACACGGCCGTGTATTACTGTGCAAGAGG,new_label,,no_match
IGHV1-69*01,GAGATGCAGCTGGTGCAGTCTGAGGCTGAGGTGAAGAAGCCTGGGGCCTCAGTGAAGATTTCCTGCAAGGCTTCCGGATACACCTTCACTTACCGCTACTTGCACTGGTTGCGACAGACCCCTGGACAAGGGCTTGAGTGGATGGGATGGATCACACCTTACAATGGTAACACCAACTATGCACAAAAGTTCCAGGACAGAGCCACCATTACCAGAGACAGGTCTATGAGCACAGCCTACATGGAGCTGAGCAGCCTGAGATCTGAGGACACGGCTGTGTATTACTGTGCAAGATA,none,JIGE,exact
IGHV1-70*01,CAGGAGCAGCTGGTGCAGTCTGGGGCTGAGGTGAAGAAGCCTGGGGCCTCAGTGAAGGTCTCCTGCAAAGCTTCTGGATACATTTTCACCAGTTATGTTATCAGCTGGCTGCGACAGGCCCCTGGACAAGGGTTTGAGTGGATGGGAGGAATCCACCCTGGTTATGGTAGCACAAGCTACGCACAGAAGTTCCAGGGCAGAGTCACGATTACCGCGGACATGTCCACGAGCACAGTCTACATGGAGCTGAGCAGTCTGAGATCTGAGGACATGGCCGTGTATTACTGTGCAGCAGA,none,C44K,exact
IGHV1-89*01,CAGGTCCAGCTGGTGCAGTCTGGGGCTGAGGGGAAGAAGCCTGGGTCCTCAGTGAAGGTCTCCTGCAAGGCTTCCGGATACACCTTTACTAGCTCTGCTATGTAGTGGGTGCGACAGGCCCCTGGACAAGGCCTTGAGTGGATAGGAGTGATCATCATTGGCAATGGTAACACAGGCTATGCACAGATGTTCCAGGGCAGAGTCACCATTACCAGGGACACGTCCATGAGCACAGCCTACGTGGAGCTGAGCAGCCTGAGATCCGAGGACAAGGCCTTGTATTACTGTGCGGCAGA,new_label,,no_match
IGHV1S2*01,CAGGTGCAGCTGGTGCAGTCTGGGGCTGAGGTGAAGAAGCCTGGGTCCTCAGTGAAGGTATCCTGCAAGGCTTCCGGATACACCTTCACTGACTACTACATGCACTGGGTGCGACAGGCCCCTCGACAAGGGCTTGAGTGGATGGGATGGATCAACCCTTACAATGGCAACACAAAGTATGCACAGAAGTTCCAGGGCAGAGTCACCATGACCAGAGACACATCGACGAGCACAGCCTACATGGAGCTGAGCAGCCTGAGATCTGAGGACACGGCCGTGTATTACTGTGCGAGAGA,none,JHF7,exact
IGHV2-10*01,CAGGTCACCTTGAAGGAGTCTGATCCTGCGCTAGTGAAACCCACACAGACCCTCACGCTGACCTGCACCTTCTCTGGGTTCTCACTCAGCACTTCTGGAATGGGTGTGGACGGGATCCGTCAGCCCCCAGGGAAGGCCCTGGAGTGGCTTGCACGCATTGATTGGGATGATGATAAATACTACAGCCCATCGCTGAAGAGCAGGCTCACCATCTCCAAGGACACCTCCAAGAACCAGGTTGTCCTTACAATGACCAACATGGACCCTGTGGACACAGCCACATATTACTGTGCACGGAGAC,none,V7ET,exact
IGHV2-152*01,CAGGTCACCTTGAAGGAGTCTGGTCCTGCGCTCGTGAAACCCACACAGACCCTCACGCTGACCTGCACCTTCTCTGGGTTCTCACTCACCACTAGTGGAATGGGTGTGGGCTGGATCCGTCAGCCCCCAGGGAAGGCCCTGGAGTGGCTGGCACTCATTTATTGGGATGATGATAAGCGCTACAGCACATCTCTGAAGAGCAGGCTCACCATCTCCAAGGACACCTCCAAAAACCAGGTGGTTCTAACAATGACCAACATGGACCCTATGGACACAGCCACATATTACTGTGCACGGGGAG,new_label,,no_match
IGHV2-161*01,CAGGTGACCTTGAAGGAGTCTGGTCCTGCGCTGGTGAAACCCACACAGACCCTCACGCTGACCTGCACCTTCTCTGGGTTCTCAATCAGCACTACTGGAACGGGTGTGAGCTGGATCCGTCAGCCCCCAGGGAAGGCCCTGGAATGGCTTGCAAGCATTTATTGGGATGATGATAAATACTACAGCACATCTCTGAAGAGCAGGCTCACCATCTCCAAGGACACCTCCAAAAACCAGGTGGTTCTAACAATGACCAACATGGACCCTGTGGACACAGCCACATATTACTGTGCACGGGGAG,new_label,,no_match
IGHV2-174*01,CAGGTCACCTTGAAGGAGTCTGGTCCTGCGCTGGTGAAACCCACACAGACCCTCACGCTGACCTGCACCTTCTCTGGGTTCTCACTCACCACTAGTGGTATGGGTGTGGGCTGGATCCGTCAGCCCCCAGGGAAGGCCCTGGAGTGGCTGGCACTCATTTATTGGGATGATGATAAGCGCTACAGCACATCTCTGAAGAGCAGGCTCACCATCTCCAAGGACACCTCCAAGAACCAGGTTGTCCTTACAATGACCAACATGGACCCTGTGGACACAGCCACATATTACTGTGCACGGGGAG,none,JNYM,exact
IGHV2-174*02,CAGGTGACCTTGAAGGAGTCTGGTCCTGCGCTGGTGAAACCCACACAGACCCTCACGCTGACCTGCACCTTCTCTGGGTTCTCACTCAGCACTAGTGGTATGGGTGTGGGCTGGATCCGTCAGCCCTCACGGAAGACCCTGGAGTGGCTTGCACACATTTATTGGGATGATGATAAGCGCTACAGCACATCTCTGAAGAGCAGGCTCACCATCTCCAAGGACACCTCCAAAAACCAGGTGGTTCTAACAATGACCAACATGGACCCTATGGACACAGCCACATATTACTGTGCACGGAGAC,none,NCL4,exact
IGHV2-95*01,CAGGTCACCTTGAAGGAGTCTGGTCCTGCGCTCGTGAAACCCACACAGACCCTCACGCTGACCTGCACCTTCTCTGGGTTCTCAATCAGCACTACTGGAACAGGTGTGGGCTGGATCCGTCAGCCCCCAGGGAAGGCCCTGGAATGGCTTGCAAGCATTTATTGGAATGATAGTAAATACTACAGCACATCGCTGAAGAGCAGGCTCACCATCTCCAAGGACACCTCCAAAAACCAGGTGGTTCTAACAATGACCAACATGGACCCTGTGGACACAGCCACATATTACTGTGCACGGGTAC,none,PQ5W,exact
IGHV2S1*01,CAGGTGACCTTGAAGGAGTCTGGTCCTGCGCTGGTGAAACCCACACAGACCCTCACGCTGACCTGCACCTTCTCTGGGTTCTCACTCAGCACTAGTGGTATGGGTGTGGGCTGGATCCGTCAGCCCCCAGGGAAGGCCCTGGAATGGCTTGCAAGCATTTATTGGGATGATGATAAATACTACAGCACATCTCTGAAGAGCAGGCTCACCATCTCCAAGGACACCTCCAAAAACCAGGTGGTTCTAACAATGACCAACATGGACCCTGTGGACACAGCCACATATTACTGTGCACGGGTAC,none,S6US,exact
IGHV3-100*01,GAGGTGCAGCTGGTGGAGTCTGGGGGAGGCTTGGTAAAGCCTGGGGGGTCCCTGAGACTCTCTTGTGTAGCCTCTGGGTTCACCTTCAGTAGCTATGTTATGCACTGGGTCCGCCAAGCTCCAGGAAAGGGTCTGGAGTGGGTCTCAGTTATTAGTGAAAGTGGTGGTACCACATACTACGCAGACTCTGTGAAGGGCCGATTCACCATCTCCAGAGACAACGCCAAGAACTCACTGTTTCTGCAAATGAACAGCCTGAGAGCCGAGGACACGGCCGTGTATTACTGTACTAGAGA,none,FLLZ,exact
IGHV3-100*02,GACGTGCAGCTGGTGGAGTCTGGGGGAGGCTTGGTAAAGCCTGGGGGGTCCCTGAGACTCTCTTGTGTAGCCTCTGGGTTCACCTTCAGTAGCTACGAAATGCACTGGGTCCGCCAGGCTCCAGGAAAGGGTCTGGAGTGGGTCTCAGTTATTAGTGAAAGTGGTGGTACCACATACTACGCAGACTCCGTGAAGGGCCGATTCACCATCTCCAGAGACAACGCCAAGAACTCACTGTTTCTGCAAATGAACAGCCTGAGAGCCGAGGACACGGCCGTGTATTACTGTACTAGAGA,none,TA6R,exact
IGHV3-102*01,GAGGTGCAGCTGACTGAGTCCACAGAGGACCTGAGACAACCTGGGAAGTTCCTGAGACTCTCCTATGTAGCCTCCAGATTCGCCTGCAGTAGCTTCTGAATTAGCCGAGTTCACCAGTCTCCAGGGAAGGGGCTGGAGTAAGTAATAGGTATAAAATATGATGGAAGTCACATACACCATGCAGACTCTCTGAAGGGCAGATTCACCATCTCCAAAGACAATGCTAAGAACTCGCTGTATCTGCAAATGAACAGTCAGATAGCTGAGGACATCGCCATGTAAGGCTGTACATAGGGTT,new_label,,no_match
IGHV3-103*01,GAGGTGCAGCTGGTGGAGTCTGGGGGCGGCTTGGCAAAGCCTGGGGGGTCCCTGAGACTCTCCTGTGCAGCCTCTGGATTCACCTTCAGTAGCTATGCTATGCACTGGGTCCGCCAGGCTCCAGGGAAGGGGCTGGAGTGGGTCTCAGCTATTAATAGTGGTGGTAGCACATACTACGCAGACTCCGTGAAGGGCCGATTCACCATCTCCAGAGACAACTCAAAGAACACGCTCTCCCTGCAAATGAACAGCCTGAGAGCTGAGGACACGGCCGTGTATTACTGTGCGAAAGA,new_label,,no_match
IGHV3-103*02,GAGGTGCAGCTGGTGGAGTCTGGGGGCGGCTTGGCAAAGCCTGGGGGGTCCCTGAGACTCTCCTGTGCAGCCTCTGGATTCACCTTCAGTAGCTACTGGATGAATTGGGTCCGCCAGACTCCAGGGAAGGGGCTGGAGTGGATCTCAGCTATTAATAGTGGTGGGGGTAGCACATACTACGCAGACTCCGTGAAGGGCCGATTCACCATCTCCAGAGACAACTCCAAGAACACGCTCTCCCTGCAAATGAACAGCCTGAGAGCTGAGGACA,new_label,,no_match
IGHV3-108*01,GAAGTGCAGCTGGTGGAGTCTGGGAGAGGCTTGGTCCAGCCTGGGGGGTCCCTAAGACTCTCCTGTGCAGTCTCTGGATTCACCTTCAGTGACCACTACATGAGCTGGGTCCGCCAGGCTCCAGGGAAGGGGCCGGAGTGGGTAGGTTTCATGAGAAACAAAGCTAATGGTGGGAGAACAGAATACGCCGCGTCTGGGAAAGGCAGATTCACTATCTCAAGAGATGATTCCAAAAGCATCGCCAGTCTGCAAATGAGCAGCCTGAAAACCGAGGACACGGCCGTGTATTACTGTGCCAGAAA,new_label,,no_match
IGHV3-110*01,GAGGTGCAGCTGGTGGAGTCTGGGGGAGGCTTGGTACAGCCTGGGGGGTCCCTGAGACTCTCCTGTGTAGCCTCTGGATTCAGCTTCAGTGACCACTACATGGACTGGGTCCGCCAGGCTCCAGGGAAGGGGCTGGAGTGGGTCTCAAGTATTAGCAGTGGTAGTGGTAGTACCACATTGTACCCAGACTCTGTCAAGGGCCGATTCACCATCTCCAGAGACAATGCCAAGAACACAGTGTATCTGCAAATGAACAGCCTGAGAGCCGAGGACACGGCTGTCTATTACTGTGCGAGACA,new_label,,no_match
IGHV3-110*02,GAAGTGCAGTTGGTGGAGTCTGGGGGAGGCTTGGTACAGCCTGGGGGGTCCCTGAGACTCTCCTGTGCAGCCTCTGGATTCACCTTCAGTGACCACTACATGGACTGGGTCCGCCAGGCTCCAGGGAAGGGGCTGGAGTGGGTCTCAAGTATTAGCAGTGGTAGTGGTAGTACCACATTGTACCCAGACTCTGTCAAGGGCCGATTCACCATCTCCAGAGACAATGCCAAGAACACAGTGTATCTGCAAATGAACAGCCTGAGAGCCGAGGACACGGCTGTCTATTACTGTGCGAGACA,none,D7VK,exact
IGHV3-115*01,GAGGTGCAGCTGGCGGAGTCTGGGGGAGGCTTGGTCCAGCCTGGCGGGTCCCTGAGACTCTCCTGTGCAGCCTCCGGATTCACCTTCAGTGGCTACGAAATGCACTGGGTCCGCCAGGCTCCAGGGAAGGGGCTGGAGTCCGTCTCAGTTATCGGTGGTGATAGTAGTTACACACACTACGCAGACTCTGTGAAGGGCCGATTCACCATCTCCAGAGACAACGCCAAGAACTCGCTGTCTCTGCAAATGAACAGCCTGAGAGCCGCGGACACGGCCGTGTATTACTGTGCGAGAGA,none,XVTV,exact
IGHV3-115*02,GAGGTGCAGCTGGCGGAGTCTGGGGGAGGCTTGGTCCAGCCTGGGGGGTCCCTGAGACTCTCCTGTGCAGCCTCCGGATTCACCTTCAGTGGCTACGAAATGCACTGGGTCCGCCAGGCTCCAGGGAAGGGGCTGGAGTCCGTCTCAGTTATTGGTGGTGATAGTAGTTACACACACTACGCAGACTCTGTGAAGGGCCGATTCACCATCTCCAGAGACAACGCCAAGAACTCGCTGTCTCTGCAAATGAACAGCCTGAGAGCCGAGGACACGGCCGTGTATTACTGTGCGAGACA,none,Y3VZ,exact
IGHV3-116*01,GAGGTGCAGCTGGTGGAGTCTGGGGGAGGCTTGGTCCAGCCTGGCGGGTCCCTGAGAGTCTCCTGTGCAGCCTCTGGATTCACCTTCAGTGACTACTACATGCAGTGGGTCCGCCAGGCTCCAGGAAAGGGGCCGGAGTGGGTAGGTTTCATTAGAAACAAAGCTAATGGTGGGACAGCAGAATACGCCGCGTCTGTGAAAGGCAGATTCACCATCTCAAGAGATGATTCCAAAAGCATTGCCAGTCTGCAAATGAACAGCCTGAAAACCGAGGACACGGCCGTGTATTACTGTACTAGGCA,new_label,,no_match
IGHV3-116*02,GAGGTGCGGCTGGTGGAGTCTGGGGGAGGCTTGGTCCAGCCTGGCGGGTCCCTGAGACTCTCCTGTGCAGCCTCTGGATTCACCTTCAGTGACTACTACATGAGCTGGGTCCGCCAGGCTCCAGGGAAGGGGCCGGAGTGGGTAGGTTTCATTAGAAACAAAGCTAATGGTGGGACAGCAGAATACGCCGCGTCTGTGAAAGGCAGATTCACCATCTCAAGAGATGATTCCAAAAGCATTGCCAGTCTGCAAATGAACAGCCTGAAAACCGAGGACACGGCCGTGTATTACTGTGCTAGAGA,none,NL67,exact
IGHV3-117*01,GAAGTGCAGTTGGTGGAGTCTGGGGGAGGCTTGGTACAGCCTGGGGGGTCCCTGAGACTCTCCTGTGCAGCCTCTGGATTCACCTTCAGTGACCACTACATGGACTGGGTCCGCCAGGCTCCAGGGAAGGGGCTGGAGTGGGTCTCAAGTGTTAGTGGTAGCAGTAGTAACACATACTACCCAGACTCTGTCAAGGGCCGATTCACCATCTCCAGAGACAACGCCAAGAACACGCTGTATCTGCAAATGGACAGCCTGAGAGCCGAGGACACCGCTGTCTATTACTGTGCGAGAGA,new_label,,no_match
IGHV3-118*01,GAGGTGCAGCTGGTGGAGTCTGGGGGAGGCCTGGTCCAGCCTGGCGGGTCCCTGAGACTCTCCTGTGCAGCCTCTGGATTCACCTTCAGTAGTTCTGCTATGCACTGGGTCCGCCAGGCTTCTGGGAAAGGACTGGAGTGGGTTGGACGTATTAGAAGCAAATCTAACAATTACGAGACAGGATACGCTGCGTCGGTGAAAGGCAGGTTCACCATCTCCAGAGATGATTCAAAGAACACGGCGTATCTGCAAATGAACAGCCTGAAAACCGAGGACACGGCCGTGTATTACTGTACCACAGA,none,DH64,exact
IGHV3-119*01,GAGGTGCAGCTGGCGGAGTCTGGGGGAGGCTTGGTACAGCCTGGGGGGTCCCTGAGACTCTCCTGTGCAGCCTCTGGATTCACCTTCAGTAGCTACTGGATGTACTGGGTCCGCCAGGCTCCAGGGAAGGGGCTGGAGTGGGTCTCACGTATTAGTAGTGATGGGAGTAGCACAAGCTACGCAGACTCCGTGAAGGGCCGATTCACCATCTCCAGAGAGAACGCCAAGAACTCACTGTATCTGCAAATGAACAGTTTGAGAGCTGAAGACACAGCTGTGTATTACTGTGCGAAAGA,none,PHO7,exact
IGHV3-119*02,GAGGTGCAGCTGGTGGAGTCTGGGGGAGCCTTGGTCCAGCCTGGGGGGTCCCTGAGACTCTCCTGTGCAGCCTCTGGATTCACCTTCAGTAGCTACTGGATGTACTGGGTCCACCAGGCTCCAGGGAAGGGGCTGGAGTGGGTCTCACGTATTAGTAGTGATGGGAGTAGCACCAGCTACGCAGACTCCGTGAAGGGCCGATTCACCATCTCCAGAGAGAACGCCAAGAACTCACTGTATCTGCAAATGAACAGTTTGAGAGCTGAAGACACAGCTGTGTATTAATGTGCAAAAGA,new_label,,no_match
IGHV3-12*01,GAGGTGCAGCTGGTGGAGTCTGGGGGAGGCTTGGTACAGCCTGGCCGGTCCCTGAGACCCTCCTGTGCAGCCTCTGGATTCACTTTCAGTAGCTATGGCATGCACTGGGTCCGCCAGGCTCCGGAAGAGGGGCTGGTGTGGGTTTCATACATTGGTAGTAGTACCATGTACTACGCAGACTCCGTGAAGGGCCGATTCACCATCTCCAGAGACAATGCCAAGAACTCGCTGTATCTGCAAATGAACAGCCTGAGAGCCGAGGACACGGCTGTGTATTACTGTGTGAGAGA,none,JYJK,exact
IGHV3-12*02,GAGGTGCAGCTGGTGGAGTCTGGGGGAGGCCTGGTACAGCCTGGCCGGTCCCTGAGACCCTCCTGTGCAGCCTCTGGATTCACTTTCAGTAGCTATGGCATGCACTGGGTCCGCCAGGCTCCGGAAGAGGGGCTGGTGTGGGTTTCATACATTGGTAGTAGTACCATGTACTACGCAGACTCCGTGAAGGGCCGATTCACCATCTCCAGAGACAATGCCAAGAACTCGCTGTATCTGCAAATGAACAGCCTGAGAGCCGAGGACACGGCTGTGTATTACTGTGTGAGAGA,new_label,,no_match
IGHV3-124*01,GAGGTGCAGCTGGTGGAGTCTGGGGGAGGCTTGGCAAAGCCTGGGGGGTCCCTGAGACTCTCCTGCGCAGCCTCCGGATTCACCTTCAGTGACTACTACATGGACTGGGTCCGCCAGGCTCCAGGGAAGGGGCTGGAGTGGGTCTCACGTATTAAATGGTGGGGTAGCACATACTATGCAGACTCCGTGAAGGGCAGATTCACCATCTCCAGAGAGAACGCCAAGAACACACTGTATCTTCAAATGGACAGCCTGAGAGCTGAGGACACGGCTGTCTATTACTGTGCGAGAGA,new_label,,no_match
IGHV3-13*01,GAGGTGCAGCTGGTGGAGTCTGGGGGAGGCTTGGTGCAGCCTGGGGGGTCCCTGAGACTCTCCTGTGCAGCCTCTGGATTCACCTTCAGTAACTACTACATGCACTGGGTCCGCCAGGCTCAAGGGAAAGGGCTAGAGTGGGTAGGTTTAATAAGAAACAAAGCTAACAGTTACACGACAGAATATGCTGCGGCTGTGAAAGGCAGATTCACCATCTCAAGAGATGATTCAAAGAACACGCTGTATCTGCAAATGAGCAGCCTGAAAACCGAGGACACAGCCCTGTATTACTGTACTAAA,none,SN4Y,exact
IGHV3-132*01,GTGGAGCAGCTGGTGGAGTCTGGGGGAGGCTTGGTACAGCCTGGGGCGTCCCTGAGACTCTCCTGTGCAGCCTCTGAATTCACCTTCAGTAGCTATGACATGCACTGGGTTCGCCAGGCTCCAGGGAAGGGTCTGGAGTGGGTATCAGGTATTAGCATTGGCGGTGGCACATACTACCCAGACTCTGTGAAGGGTCGATTCACCATCTCCAGAGACAATGCCAAGAACTCCTTGTATCTTCAAATGAACAGCCTGAGAGCTGAGGACACTGCTGTGTATTATTGTGCAAGAGA,add_new_subset,XGQN,query_is_new_sub
IGHV3-132*02,GTGGAGCAGCTGGTGGAGTCTGGGGGAGCCTTGGTACAGCCTGGGGCGTCCCTGAGACTCTCCTGTGCAGCCTCTGAATTCACCTTCAGTAGCTATGACATGCACTGGGTTCGCCAGGCTCCAGGGAAGGGTCTGGAGTGGGTATCAGCTATTAGCATTGGCGGTGGCACATACTACCCAGACTCTGTGAAGGGTCGATTCACCATCTCCAGAGACAATGCCAAGAACTCCTTGTATCTTCAAATGAACAGCCTGAGAGCTGAGGACACTGCTGTGTATTATTGTGCAAGAGA,none,3UBQ,query_is_existing_sub
IGHV3-134*01,GAAGTGCAGCTGGTGGAGTCTGGGGGAGGCTTGGTAAAGCCTGGAGGGTCCCTGAGACTCTCCTGTGCAGCCTCTGGATTCACGTTTGATGATTATGCCATGAGCTGGGTCCGCCAGGCTCCAGGGAAGGGTCTGGAGTGGGTATCTCGGATTAGTTGGGATGGTGGTAGCACATATTACGCAGACTCCGTGAAGGGCCGATTCACCATCTCCAGAGACAACGCCAAGAACACACTGTATCTGCAAATGGACAGGCTGAGAGCTGAGGACACGGCCTTGTATTACTGTAGTAGAGA,none,D4LF,exact
IGHV3-136*01,GAGGTGCAGCTGGTGGAGTCTGGGGGAGGCTTGGTCCAGCCTGGAGGGTCCCTGAGACTCTCCTGTGCAGCCTCTGGATTCACCTTCAGTAGTTACGACATGAGCTGGGTCCGCCAGGCTCCGGGAAAGGGGCTGGAGTGGGTCTCATATATTAGTTACACTGGTAAAACCATATACTACGCTGACTCCGTGAAGGGCCGATTCACCATCTCCAGAGACAACGCCAAGAACTCGCTGTCTCTGCAAATGAGCAGCCTGAGAGCCGAGGACACGGCCGTGTATTACTGTACTAGAGA,none,QUNH,exact
IGHV3-137*01,GAGGTGCAGCTGGTGGAGTCTGGGGGAGGCTTGTTCCAGCCTGGCGGGTCCCTGAGAGTCTCCTGTGCAGCCTCTGGATTCACCTTCAGTGACTACTACATGCAGTGGGTCCGCCAGGCTCCAGGGAAGGGGCCGGAGTGGGTAGATTTAATTAGAAACAAAGCTAACGGTGGCACAACAGAATAGTCCGCATCTGTGAAAGGCAGATGCACCATCTCAAGAGATGATTCCAAAAGCATCGCCAGTCTGCAAATGAGCAGCCTGAACACCGAGGACACGGCCGTGTATTACTGTACTAGAGA,new_label,,no_match
IGHV3-14*01,GACATGCAGCTGGTGGAGTCTTTGGGAAGCTTGTTGTAGCCTGGGGCATCCGTGAGACTTTCCCTTGCAGCCTCTGGATTCACCTTTTGTAGGTACTGGATGAGCTGGGTCCACCAGGCTCCAGGGAAAGGGCTGGAGTAGGTCTCATTTTTGAGTAGTAGTGGAGGCAGCACAAGCTATGCGGACTCTGTGAAGGGTCCATTCACCATCTCCAGAGATGATGCCAAGAAATCACTGTATCTACAAGTGAACAGCCTGAGAGCTGAAGATAGTGCTATGTATTACTGTGGTGG,new_label,,no_match
IGHV3-146*01,GAGGTGCAGCTGATTGAGTCCATAGAGGACCTGAGACAACCTGGGAAGTTCCTGAGACTCTCCTGTGTAGCCTCCGGATTCGCCTGCAGTAGCTACTGAATGAGCCAAGTTCACCAGTCTCCAGGGAAGGGGCTGGAGTGAGCAATAGATGTAAAATACGATGGAAGTCAGATATACCATGCAGGCTCTGTGAAGGGCAGATTCTCAATCTCCAACGACAATTCTAAGCACTTGCTGTATCTGCAAATGAATAGTCTGAGAGCTGAGGACATGGCCATGTATGGCTGTACATAAGGTC,new_label,,no_match
IGHV3-153*01,GAGGTGCAGCTGGTGGAGTCCGGGGGAGGCTTGGTCCAGCCTGGCGGGTCCCTGAGACTCTCCTGTGCAGCCTCTGGATTCACCTTCAGTGATTATGCTATGGACTGGGTCCGCCAGGCTCCAGGAAAGGGGCCGGAGTGGGTAGGTTTCATTAGAAGCAAAGCTTATGGTGGGACAGCAGAATACGCCGCGTCTGTGAAAGGCAGATTCACCATCTCCAGAGATGATTCAAAGAACACGGCGTATCTGCAAATGAGCAGCCTGAAAACCGAGGACACGGCCGTGTATTACTGTACTAGAGA,none,6ORR,exact
IGHV3-153*02,GAGGTGCAGCTGGTGGAGTCCGGGGGAGGCTTGGTCCAGCCTGGCGGGTCCCTGAGACTCTCCTGTGCAGCCTCTGGATTCACCTTCAGTGATTATGCTATGGACTGGGTCCGCCAGGCTCCAGGAAAGGGGCTGGAGTGGGTGGGTTTCATTAGAAGCAAAGCTTATGGTGGGACAGCAGAATACGCCGCGTCTGTGAAAGGCAGATTCACCATCTCCAGAGATGATTCAAAGAACACGGCGTATCTGCAAATGAGCAGCCTGAAAACCGAGGACACGGCCGTGTATTACTGTACTAGAGA,none,D56D,exact
IGHV3-153D*01,GAGGTGCAGCTGGTGGAGTCCGGGGGAGGCTTGGTCCAGCCTGGCGGGTCCCTGAGACTCTCCTGTGCAGCCTCTGGATTCACCTTCAGTGATTATGCTATGGACTGGGTCCGCCAGGCTCCAGGAAAGGGGCTGGAGTGGGTAGGTTTCATTAGAAGCAAAGCTTATGGTGGGACAGCAGAATACGCCGCGTCTGTGAAAGGCAGATTCACCATCTCCAGAGATGATTCAAAGAACACGGCGTATCTGCAAATGAGCAGCCTGAAAACCGAGGACACGGCCGTGTATTACTGTACTAGAGA,none,Y5FH,exact
IGHV3-16*01,GAGGTGCAGCTGGTGGAGTCTGGGGGAGGCTTGGTCCAGCCTGGGGGATCCCTGAGACTCTCCTGTGCAGCCTCTGGATTCACCTTCAGTAACTACTGGATGAACTGGGTCCGCCAGGCTCCAGGGAAGGGGCTGGAGTGGGTTGGATTTATTAAAAACAAAGCCGATGGTGGAACAGCAGCATACGCCGAATCTGTGAAAGGCAGATTCACTATCTCAAGAGATGATTCAAAGAACACACTGTACCTGCAAATGAACAGCCTGAAAACCGAGGACACGGCCGTGTATTACTGTACTAGAGA,none,EKKE,exact
IGHV3-16*02,GAGGTGCAGCTGGTGGAGTCTGGGGGAGGCTTGGTCCAGCCTGGGGGATCCCTGAGACTCTCCTGTGCAGCCTCTGGATTCACCTTCAGTAACTACTGGATGAGCTGGGTCCGCCAGGCTCCAGGGAAGGGGCTGGACTGGGTTGGATTTATTAAAAACAAAGCTGATGGTGGAACAGCAGCATACGCCGAATCTGTGAAAGGCAGATTCACCATCTCAAGAGATGATTCAAAGAACACACTGTATCTGCAAATGAGCAGCCTGAACACCGAGGACACGGCCGTGTATTACTGTACTAGAGA,none,Q24Y,exact
IGHV3-162*01,GAGGTGCACCTGGTGGAGTCCGGGGGAGGCTTGGCAAAACCTGAGGGGTCCCTGAGACTCTCCTATGCAGCCTCTGCAGGATTCACCTTCAGTAGCTACTACATGAACTGTGTCCGCCAGGCTCCAGGGAATAGGCTGGAGTGGGTTAGACAAGTTAATCCTAATGGGGGTAGCACATACCTCACAGACTCCGGGAAGGGCCGATTCACCATCCCCAGAGATAACGCCAAGAACACACTTCATCTGCAAATGAACAGGCTGAAAACCGAGAACACAGCCGTGTATTACTGTA,new_label,,no_match
IGHV3-162*02,GAGGTGCACCTGGTGGAGTCCGGGGGAGGCTTGGCAAAACCTGAGGAGTCCCTGAGACTCTCCTATGCAGCCTCTGCAGGATTCACCTTCAGTAGCTACTACATGAACTGTGTCCGCCAGGCTCCAGGGAATAGGCTGGAGTGGGTTAGACAAGTTAATCCTAATGGGGGTAGCACATACCTCACAGACTCCGGGAAGGGCCGATTCACCATCCCCAGAGATAACGCCAAGAACACACTTCATCTGCAAATGAACAGGCTGAAAACCGAGAACACAGCCATGTATTACTGTA,none,LLQ3,exact
IGHV3-175*01,GAGGTGCAGCTGGCGGAGTCTGGGGGAGGCTTGGTCCAGCCTGGGGGGTCCCTGAGACTCTCCTGTGCAGCCTCTGGATTCACCATTAGCAGCTACTGGATGAGCTGGGTCTGCCAGGCTCCGGGAAAGGGGCTGGAGTGGCTTTCAGACATTTATGGTAGTACCATGTACTACGGAGACTCTGTGAAGGGCCTATTCACCGTCTCCAGAGACAATGCCAAGAACTCGCTGTATCTGCAAATGAACAGTCTGAGAGCCGAGGACACGGCCGTGTATTACTGTACTAGAGA,new_label,,no_match
IGHV3-175*02,GAGGTGCAGCTGGCGGAGTCTGGGGGAGGCTTGGTCCAGCCTGGGGGGTCCCTGAGACTCTCCTGTGCAGCCTCTGGATTCACCATTAGCAGCTACTGGATGAGCTGGGTCTGCCAGGCTCCGGGAAAGGGGCTGGAGTGGCTTTCAGACATTTATGGTAGTACCATGTACTACGGAGACTCTGTGAAGGGCCTATTCACCGTCTCCAGAGACAATGCCAAGAACTCGCTGTCTCTGCAAATGAACAGTCTGAGAGCCGAGGACACGGCCGTGTATTACTGTACTAGAGA,add_new_superset,XDFV,query_is_super
IGHV3-176*01,GAGGTGCAGCTGGTGGAGTCTGGGGGAGGCTTGGTCCAGCCTGGGGGGGGGTCCCTGAGACTCTCCTGTGCAGCCTCTGGATTCACCTTCAGTGACGACTACATGGAGTGGGTCCGCCAGGCTCCAGGAAAGGGGCTGGAGTGGGTTGGACAAATTAATCCTAATGGGGGTACCACATTCCTCATGGATTCCGTGAAGGGCCGATTCACCATCTCCAGAGACAACGCCAAGAACACGCTTTATCTGCAAATTAACAGCCTGAAAATAGAGGACACGGCCGTGTATTACTGTACTAGGCA,new_label,,no_match
IGHV3-176*02,GAGGTGCAGCTGGTGGAGTCTGGGGGAGGCTTGGTCCAGCCTGGCGGGTCCCTGAGACTCTCCTGTGCAGCCTCTGGATTCACCTTCAGTGACGACTACATGGAGTGGGTCCGCCAGGCTCCAGGAAAGGGGCTGGAGTGGGTTGGACAAATTAATCCTAATGGGGGTACCACATTCCTCATGGATTCCGTGAAGGGCCGATTCACCATCTCCAGAGACAACGCCAAGAACACGCTTTATCTGCAAATTAACAGCCTGAAAATAGAGGACACGGCCGTGTATTACTGTACTAGACA,none,U6YX,exact
IGHV3-178*01,GAGGTGCAGCTGGTGGAGTCTGGGGGCGGCTTGGCAAAGCCTGGGGGGTCCCTGAGACTCTCCTGCGCAGCCTCCGGATTCACCTTCAGTGACTACTACATGGACTGGGTCCGCCAGGCTCCAGGGAAGGGGCTGGAGTGGGTCTCACGTATTAGTAATGGTGGTGGTAGCACATGGTACGCAGACTCCGTGAAGGGCAGATTCACCATCTCCAGAGAGAACGCCAAGAACACACTGTATCTTCAAATGAACAGCCTGAGAGCTGAGGACACGGCTGTCTATTACTGTGCGAGAGA,none,DDKS,exact
IGHV3-178*02,GAGGTGCAGCTGGTGGAGTCTGGGGGCGGCTTGGCAAAGCCTGGGGGGTCCCTGAGACTCTCCTGCGCAGCCTCCGGATTCACCTTCAGTGACTACTACATGGACTGGGTCCGCCAGGCTCCAGGGAAGGGGCTGGAGTGGGTCTCACGTATTAGTAATGGTGGTGGTAGCACATGGTACGCAGACTCCGTGAAGGGCAGATTCACCATCTCCAGAGAGAACGCCAAGAACACACTGTATCTTCAAATGAACAGCCTGAGAGCTGAGGACACGGCTGTCTATTACTGTGCGAAAGA,none,NUMP,exact
IGHV3-18*01,GAGGTGCAGCTGGTGGAGTCTGAGGGAAATTTCGTGCAGCCTGGAGGGTCCCTGAGACTCTCTTGTGCAGTCTCTGGATTCACCTTTAGCAGCTGTGATTTGGACTGGATTCGCCATGCTCCAGGAAAGGGGCTGGAGTGGGTCTCTGGTATTAGTATTGCTGGTAGCACGTATTATGCAAACTCTGTAAACAGTCTATTCGCCATCTCCAGAGGCAATGCCAAAAACACACTGTATCTTCAAATGAACAGTCTGATAGCTGAGGACACAGCCATTTATTACTGTGTGAGTGAAG,none,D66A,exact
IGHV3-18*02,GTGGTGCAGCTGGTGGAGTCTGAGGGAAATTTCGTGCAGCCTGGAGGGTCCCTGAGACTCTCCTGTGCAGTCTCTGGATTCACCTTTAGCAGCTGTGATTTGGACTGGATTCGCCATGCTCCAGGAAAGGGGCTGGAGTGGGTCTCTGGTATTAGTATTGCTGGTAGCACGTATTATGCAAACTCTGTAAACAGTCTATTCGCCATCTCCAGAGAAAATGCCAAAAACACACTGTATCTTCAAATGAACAGTCTGATAGCTGAGGACACAGCCATTTATTACTGTGTGAGTGAAG,add_new_subset,YXFU,query_is_new_sub
IGHV3-183*01,GAGGTGCAGCTGGTGGAGTCTGGGGGAGGCTTGGTCCAGCCTGGGGGGTCCCTGAGACTCTCCTGTGCAGCCTCTGGATTCACCTTTGGTGATTATGGCATGCACTGGGTCCGCCAGGCTCCGGGAAAGGGACTGGAGTGGGTCTCATCCATTAGTAACACTGGTAAAACCGTATACTACGCTGACTCCGTGAAGGGCCGATTCACCATCTCCAGAGACAACGCCAAGAACTCGCTGTCTCTGCAAATGAGCAGCCTGAGAGCCGAGGACACGGCCGTGTATTACTGTACTAGAGA,none,RGHW,exact
IGHV3-183*02,GAGGTGCAGCTGGTGGAGTCTGGGGGAGGCTTGGTCCAGCCTGGGGGGTCCCTGAGACTCTCCTGTGCAGCCTCTGGATTCACCTTTGGTGATTATGGCATGCACTGGGTCCGCCAGGCTCCGGGAAAGGGACTGGAGTGGGTCTCATCCATTAGTAACACTGGTAAAACCGTATACTACGCTGACTCCGTGAAGGGCCGATTCACCGTCTCCAGAGACAACGCCAAGAACTCGCTGTCTCTGCAAATGAGCAGCCTGAGAGCCGAGGACACGGCCGTGTATTACTGTACTAGAGA,none,FS7C,exact
IGHV3-184*01,GAGGTGCAGCTGGTGGAGTCTGGGGGAGGCTTGGTCCAGCCTGGGGGGTCCCTGAGACTCTCCTGTGCAGCCTCTGGATTCACCTTCAGTGACTACTACATGTACTGGGTCCGCCAGGCTCCAGGAAAGGGGCTGGAGTGGGTGGGTTTCATTAGAAGCAAAGCTTACGGTGGGACAGCAGAATACGCCGCGTCTGTGAAAGGCAGATTCACCATCTCCAGAGATGATTCCAAAAGCATCGCCTATCTGCAAATGAGCAGCCTGAAAACCGAGGACACGGCCGTGTATTACTGTACTAGGGA,new_label,,no_match
IGHV3-184*02,GAGGTGCAGCTGGTGGAGTCTGGGGGAGGCTTGGTCCAGCCTGGGGGGTCCCTGAGACTCTCCTGTGCAGCCTCCGGATTCACCTTCAGTGACTACTACATGTACTGGGTCCGCCAGGCTCCAGGAAAGGGGCTGGAGTGGGTGGGTTTCATTAGAAGCAAAGCTTACGGTGGGACAGCAGAATACGCCGCGTCTGTGAAAGGCAGATTCACCATCTCCAGAGATGATTCCAAAAGCATCGCCTATCTGCAAATGAGCAGCCTGAAAACCGAGGACACGGCCGTGTATTACTGTACTAGGGA,none,RWLD,exact
IGHV3-186*01,GAGGTGCAGCTGGTGGAGTCTGGGGGAGGCTTGGTCCAGCCTGGCGGGTCCCTGAGACCCTCCTGTGCAGCCTCTGGATTCACCTTCAGTAGTTCTGCTATGCACCGGGTCCGCCAGGCTTCTGGGAAAGGACTGGAGTGGGTTGGACGTATCAGAAGCAAATCTAACAATTACGCGACAGAATACGCCGCATCGGTGAAAGGCAGATTCACCATCTCCAGAGATGATTCAAAGAACACGGCGTATCTGCAAATGAACAGCCTGAAAACCGAGGACACGGCCGTGTATTACTGTGCTAGAGA,new_label,,no_match
IGHV3-186*02,GAGGTGCAGCTGGTGGAGTCTGGGGGAGGCTTGGTCCAGCCTGGCGGGTCCCTGAGACCCTCCTGTGCAGCCTCTGGATTCACCTTCAGTAGTTCTGCTATGCACTGGGTCCGCCAGGCTTCTGGGAAAGGACTGGAGTGGGTTGGACGTATTAGAAGCAAATCTAACAATTACGCGACAGAATACGCCGCATCGGTGAAAGGCAGATTCACCATCTCCAGAGATGATTCAAAGAACACGGCGTATCTGCAAATGAACAGCCTGAAAACCGAGGACACGGCCGTGTATTACTGTGCTAGAGA,new_label,,no_match
IGHV3-201*01,GAAGTGCAGCTGGTGGAGTCTGGGGGAGGCGTGGTACAGCCTGGGGGGTCCCTGAGACTCTCGTGTGCAGCCTCTGGATTCACCTTTGATGATTACGCCATGCACTGGGTCCGCCAAGCTCCAGGGAAGGGTCTGGAGTGGGTCTCTGGTATTAGTTGGAGTGGTGGTAGCACATACTATGCAGACTCCGTCAAGGGCCGATTCACCATCTCCAGAGACAACGCCAAGAACTCCCTGTATCTGCAAATGGGCAGCCTGAGAGCTGAGGACACCGCCTTGTATTACTGTGCAAAAGATA,none,TQFW,exact
IGHV3-28*01,GAGGTGCAGCTGGTGGAGTCTGGGGGCGGCTTGGCAAAGCCTGGGGGGTCCCTGAGACTCTCCTGTGCAGCCTCTGGATTCACCTTCAGTAGCTACTGGATGCACTGGGTTCGCCAGGCACCAGGGAAGGGGCTGGAGTGGATCTCAGCTATTAATAGTGCTGGTAGTAGCACATACTATGCAGACTCCGTGAAGGGCAGATTCACCATCTCCAGAGAGAACGCCAAGAACACACTGTATCTTCAAATGGACAGCCTGAGAGCTGAGGACACGGCTCTCTATTACTGTGCGGGAGA,none,LBLD,exact
IGHV3-28*02,GAGGTGCAGCTGGTGGAGTCTGGGGGCGGCTTGGCAAAGCCTGGGGGGTCCCTGAGACTCTCCTGTGCAGCCTCTGGATTCACCTTCAGTAACTACTGGATGCACTGGGTTCGCCAGGCACCAGGGAAGGGGCTGGAGTGGATCTCAGCTATTAATAGTGCTGGTAGTAGCACATACTATGCAGACTCCGTGAAGGGCAGATTCACCATCTCCAGAGAGAACGCCAAGAACACACTGTATCTTCAAATGGACGGCCTGAGAGCTGAGGACACGGCTGTCTATTACTGTGCGGGAGA,new_label,,no_match
IGHV3-30*01,GAGGTGCAGCTGGTGGAGTCTGGGGGAGGCTTGGTCCAGCCTGGGGGGTCCCTGAGGCTCTCCTGTGCAGCCTCTGGATTCACCTTCAGTAACGTCTGGATGAACTGGGTCCGCCAGGCTCCAGGGAAGGGGCTAGAGTGGGTTGCCCGTATTAAAAGGAAAGCTGATGGTGAGACAGCAGATTACGCCGCGTCTGTGAAAGGCAGATTCACCATCTCAAGAGACGATTCAAAGAACACACTGTACCTGCAAATGAACAGCCTGAAAACCGAGGACACGGCCGTGTATTACTGCACCACAGA,new_label,,no_match
IGHV3-30*02,GAGGTGCAGCTGGTGGAGTCTGGGGCAGGCTTGGTCCAGCCTGGCGGGTCCCTGAGACTCTCCTGTGCAGCCTCTGGATTCACCTTCAGTAACTCCTGGATGAGCTGGGTCCGCCAGGCTCCAGGCAAGGGGCTAGAGTGGGTTGCCCGTATTAAAAGGAAAGCTGACGGTGAGACAGCAGATTACGCCGCATCTGTGAAAGGCAGATTCACCATCTCAAGAGACGATTCAAAGAACACACTGTACCTGCAAATGAACAGCCTGAAAACCGAGGACACGGCCGTGTATTACTGCACCACAGA,none,E3MX,exact
IGHV3-32*01,GAGGTGCAACTGGTGGAGTCTGGGGGAGGCTTGGTCCAGCCTGGGGGGTCCCTGAGACTCTCCTGTGCAGCCCCCGGATTCACCTCGGGTAACTCTGACTTGATCTGGATCCGCCAGGCTCCAGGGAAGGGTCTGGAGTGGGTCTCATACATTAGTAGTGGTGGTAGCATATACTACTCAGACTCTGTCAAGGGCCGATTCACCATCTCCAGAGACAACGCCAAGAACACGCTGTATCTGCAAATGAGCAGCCTGAGAGTGGAGGACACGGCCGTGTATTACTGTGCAAAAGA,new_label,,no_match
IGHV3-32*02,GAGGTGCAGCTGGTGGAGTCTGGGGGAGGCTTGGTACAGCCTGGGGGGTCCCTGAGACTCTCCTGTGCAGCCTCCGGATTCACCTCGGGTAACTCTGACTTGATCTGGATCCGCCAGGCTCCAGGGAAGGGTCTGGAGTGGGTCTCATACATTAGTAGTGGTGGTAGCATATACTACTCAGACTCTGTGAAGGGCCGATTCACCATCTCCAGAGACAACGCCAAGAACACGCTGTATCTGCAAATGAGCAGCCTGAGAGTGGAGGACACGGCCGTGTATTACTGTGCAAAAGA,none,LBJE,exact
IGHV3-34*01,GAGGTGAAGCTGGTAGAGTCTGGGGGAGGCTTGGTCCAGCCTGGCGGGTCCCTGAGACTCTCCTGTGCAGCCTCTGGATTCACCTTCAGTAACTACTGGATGTTCTGGGTCCGCCAGGCTCCAGGGAAGGGGCTGGAGTGGGTCTCAAGTATTAGTGGTAGCAGTAGTAGCACATACTACCCAGACTCTGTCAAGGGCCGATTCACCATCTCCAGAGACAACGCCAAGAACACGCTGTATCTGCAAATGAACAGCCTGAGAGCTGAGGACACGGCTGTCCATTACTGTGCGAGAGA,new_label,,no_match
IGHV3-34*02,GAGGTGCAGCTGGTAGAGTCTGGGGGAGGCTTGGTCCAGCCTGGCGGGTCCCTGAGACTCTCCTGTGCAGCCTCTGGATTCACCTTCAGTAACTACTGGATGTTCTGGGTCCGCCAGGCTCCAGGGAAGGGGCTGGAGTGGGTCTCAAGTATTAGTGGTAGCAGTAGTAGCACATACTACCCAGACTCTGTCAAGGGCCGATTCACCATCTCCAGAGACAACGCCAAGAACACGCTGTATCTGCAAATGAACAGCCTGAGAGCTGAGGACACGACTGTCCATTACTGTGCGAGAGA,none,M57J,exact
IGHV3-35*01,GAGGTGCAGCTGGTGGAGTATGGGGGAGGCTTGGTACAGCCTGGGGGGTCCCTGAGACTCTCCTGTGGATTCACCTTCAGTGTCCACTTCATGAGCTGGGTCCGCCAGGCTCCAGGGAAGGGGCCGGAGTGGGTAGGTTTCATGAGAAACAAAGCTAATGGTGGAACAGCAGAATACGCCACGTCTGTGAAAGGCAGATTCACTATCTCAAGAGATGATTCCAAAAGCATCGCCTATCTGCAAATGAGCAGCCTAAACACCGAGGACACGGCTGTGTATTACTGTGCCAGAAA,none,YMST,exact
IGHV3-35*02,GAGGTGCAGCTGGTGGCGTATGGGGGAGGCTTGGAACAGCCTGGGGGGTCCCTGAGACTCTCCTGTGGATTCACCTTCAGTGACCACTACATGAGCTGGGTCCGCCAGGCTCCAGGGAAGGGGCCGGAGTGGGTAGGTTTCATGAGAAACAAAGCTAATGGTGGAACAACAGAATACGCCACGTCTGTGAAAGGCAGATTCACTATCTCAAGAGCTGATTCCAAAAGCATGGCCAGTCTGCAAATGAGCAGCCTGAAAACCGAGGACACGGCCGTGTATTACTGTGCCAGAAG,none,YBCK,exact
IGHV3-37*01,GAGGTGCAGCTGGTGGAGTCTGGGGGAGGCTTGGTCCAGCCTGGCGGGTCCCTGAGACTCTCCTGTGTAGCCTCTGGATTCACCTTCAGTGACTACTGCATGGACTGGGTCCGCCAGGCTTCAGGGAAGGGGCTGGAGTGGGTCTCAAGTATTAGTGGTAGCAGTAGTAACACATACTACCCAGACTCTGTCAAGGGCCGATTCACCATCTCCAGAGACAACGCCAAGAACACGCTGTATCTGCAAATGAACAGCCTGAGAGCCGAGGACACGGCTGTCTATTACTGTGCGAGAGA,new_label,,no_match
IGHV3-37*02,GAGGTGCAGCTGGTAGAGTCTGGGGGAGGCTTGGTCCAGCCTGGCGGGTCCCTGAGGCTCTCCTGTGCAACCTCTGGATTCACCTTCAGTAACTACTGGATGTTCTGGGTCCGCCAGGCTCCAGGGAAGGGGCTGGAGTGGGTCTCAAGTATTAGTGGTAGCAGTAGTAGCACATACTACCCAGACTCTGTCAAGGGCCGATTTACCATCTCCAGAGACAACGCCAAGAACACGCTGTATCTGCAAATGAACAGCCCGAGAGCCGAGGACACGGCTGTCTATTACTGTGCGAGAGA,none,7MC3,exact
IGHV3-38*01,GAGGTGCAGCTGGTGGAGTCTGGGGGCGGCTTGGCACAGCCTGGGGGGTCCCTGAGACTCTCCTGTGCAGCCTCTGGATTCACCTTCAGTGACCACTACATGGACTGGGTCCGCCAGGCTCCAGGGAAGGGCCTGGAGTGGGTTGGCCGTATTAGAAACAAAGCTAACAGTTACACAACAGAATACGCCGCGTCTGTGAAAGGCAGATTCACCATCTCAAGGGATGATTCAAAGAACACACTGTATCTGCAAATGAGCAGCCTGAAAACCGAGGACACGGCTGTGTATTACTGTGCTAGAGA,new_label,,no_match
IGHV3-38*02,GAGGTGCAGCTGGTGGAGTCTGGGGGCGGCTTGGCACAGCCTGGGGGGTCCCTGAGACTCTCCTGTGCAGCCTCTGGATTCACCTTCAGTGACCACTACATGGACTGGGTCCGCCAGGCTCCAGGGAAGGGCCTGGAGTGGGTTAGCCGTATTAGAAACAAAGCTAACAGTTACACAACAGAATACGCCGCGTCTGTGAAAGGCAGATTCACCATCTCAAGGGATGATTCAAAGAACACACTGTATCTGCAAATGAGCAGCCTGAAAACCGAGGACACGGCTGTGTATTACTGTGCTAGAGA,none,LVHZ,exact
IGHV3-46*01,GAGGCGCAGCTGGTGGAGTCTGGGGGAGGCTTGGTACAGCCTGGGGGGTCCCTGAGACTCTCCTGTGCAGCCTCTGGATTCACCTTCAGTAGCACCAGGATGAACTGGATCCGACAGTCTCCAGGGAAGAGGCTGGAGTGGGTGGCCGACATAAAGTAGGATGGAAGTGAGAAATACTATGTAGACTCTGTGAAGGGCCGATTCACCATCTCCAGAGACAACACCAAGAACTCCCTCTATCTGCAAATGAACAGCCTGAGAGCTGAGGACACAGCCGTGTATTACTGTGTGAGAGA,new_label,,no_match
IGHV3-46*02,GAGGTGCAGCTGGTGGAGTCTGGGGGAGGCTTGGTACAGCCTGGGGGGTCCCTGAGACTCTCCTGTACAGCCTCTGGATTCACCTTCAGTAGCACCAGGATAAACTGGATCCGACAGTCTCCAGGGAAGAGGCTGGAGTGGGTGGCCGACATAAAGTACGATGGAAGTGAGAAATACTATGTAGACTCTGTGAAGGGCCGATTCACTATCTCCAGAGACAATGCCAAGAACTCCCTCTATCTGCAAATGAACAGCCTGAGAGCTGAGGACACAGCCGTGTATTACTGTGTGAGAGA,none,DY3H,exact
IGHV3-48*01,GAGGTGCAGCTGATTGAGTCCACAGAGGACCTGAAACAACCTGGGAAGCTCCTGAGACTCTCCTGTGTAGCCTCCAGATTTGCCTGCAGTAGCTTGTGAATTAGCCGAATTCACCAGTGTCCCGGGAAAGGGCTGCAGTGAGTAATAGGTATAAAATATGATGGAAGTCAGATATGCCATGGAGACTATGTGAAGGGCAGATTCTCCATCTCCAAGGACAATGCTAAGAACTCGCTGTATCTGCAAATGAATAGTCTGAGAGCTGAGGACATGGCCCTCTATGGCTGTACATAAGGTC,new_label,,no_match
IGHV3-48*02,GAGGTGCAGCTGATTGAGTCCACAGAGGACCTGAGACAACCTGGGAAGCTCCTGAGACTCTCCTGTGTAGCCTCCAGATTTGCCTGCAGTAGCTTCTGAATTAGCCGAATTCACCAGTCTCCCGGGAAAGGGCTGCAGTGAGTAATAGGTATAAAATATGATGGAAGTCAGATATGCCATGGAGACTATGTGAAGGGCAGATTCTCCATCTCCAAGGACAATGCTAAGAACTCGCTGTATCTGCAAATGAATAGTCTGAGAGCTGAGGACATGGCCCTCTATGGCTGTACATAAGGTC,new_label,,no_match
IGHV3-49*01,GAGGTGCAGTTGCTGGAGTCTGGGGGAGACTTGGAACAGCCTGGGGGGTCCCTGAGACTCTCCTGTACAGTATCTGGGTTCACTTTCAGTAGCAACTGGATGTACTGGGTCTGCCAGGCTCCAGGGAAAGGACTTGAGTGGGTCTCATGTGTTAGTAGTGATTGGAGTAGCACACGCTACATACATTCTGTGAAGTTCTGATTCACCATCCCCAGAAACAATGCCAAGAACACCCTCTATCTGGAAATGAACAGTTTGAAAGCTGAGGACACGACCATGTATTACTGTGCCAGA,new_label,,no_match
IGHV3-49*02,GAGGTGCAGTTGCTGGAGTCTGGGGGAGACTTGGAACAGCCTGGGGGGTCCCTGAGACTCTCCTGTACAGTATCTGGGTTCACTTTCAGTAGCAACTGGATGTACTGGGTCTGCCAGGCTCCAGGGAAAGGACTTGAGTGGGTCTCATGTGTTAGTAGTGATTGGAGTAGCACACGCTACACACATTCTGTGAAGTTCTGATTCACCATCCCCAGAAACAATGCCAAGAACACCCTCTATCTGGAAATGAACAGTTTGAGAGCTGAGGACACGACCATGTATTACTGTGCCAGA,new_label,,no_match
IGHV3-5*01,GAGGTGCAGCTGGTGGAGTCTGGAGGAGGCCTGGCAAAGCCTGGGGGGTCCCTGAGACTCTCCTGTGCAGCATTTGGATTCACCTTCAGTAGCTACTAGATGCACTGGGTTCACCAGGCTCCAGGGAAGTGGCTAAAGTGGGTCTCAGCTATCAGTAATGGTGGTATTAACACATACTACCCAGATTCTATGAAGGGCCAATTCACCATCTCCAGAGACACCACCAAGAACTCACTGTATCTGCAAATGAACAGCCTGAGAGTGGAGGACACGGCTGTGTATTACTGCATGAGAGA,new_label,,no_match
IGHV3-54*01,GAGGTGCAGCTGGTGGAGTCTGGAGGAGGCTTGGTTCAGCCTGGGGGGTCCCTGAGACTCTCCTGTGCAGCCTCTGGATTCACCTTCAGTAGCTATGGCATGAGCTGGGTCCGCCAGACTCCAGGGAAGGGGCTGGAGTGGGTGGCAGTTATATGGTATGATGGAAGTAAGAAATACTACGCAGACTCTGTGAAGGACCGATTCACCATCTCCAGAGACAATTCCAAGAACATGCTATATCTTCAAATGAACAACCTGAAATTGGAGGACACGGCCGTGTATTACTGTGGGAGAGA,none,2UXX,exact
IGHV3-54*02,GAGGTGCAGCTGGTGGAGTCTGGAGGAGGCTTGGTTCAGCCTGGGGGGTCCCTGAGACTCTCCTGTGCAGCCTCTGGATTCACCTTCAGTAGCTATGGCATGCACTGGGTCCGCCAGGCTCCAGGGAAGGGGCTGGAGTGGGTGGCAGTTATATGGTATGATGGAAGTAAGAAATACTACGCAGACTCTGTGAAGGACCGATTCACCATCTCCAGAGACAATTCCAAGAACATGCTATATCTTCAAATGAACAACCTGAAATTGGAGGACACGGCCGTGTATTACTGTGCGAGAGA,none,QRAS,exact
IGHV3-58*01,GAGGCGCAGCTGATGGAAACTGGCGGAGGCTTGGTACAGCCTGGGGGGTCCCTGAGACTCTCCTGTGCAGCCTCTGGATTCACCTTCAGTGACCACTACATGCAGTGGGTCCGCCAGGCTCCAGGGAAGGGGTTGGAGTGGGTAGGATTAATTAGAAACAAAGCTGATGGTGAGACAACAGACTACGCTTTATCTGTGAAAGGCAGATTCACTATCTCCAGAGATGATTCGAAAAGCATCACCTATCTGCAAATGAACAACCTGAAAACCGAGGACACGGCCGTGTATTACTGTGCGAGGAA,new_label,,no_match
IGHV3-58*02,GAGGCGCAGCTGATGGAAACTGGCGGAGGCTTGGTACAGCCTGGGGGGTCCCTGAGACTCTCCTGTGCAGACTCTGGATTCACCTTCAGTGACCACTACATGCAGTGGGTCCGCCAGGCTCCAGGGAAGGGGTTGGAGTGGGTAGGATTAATTAGAAACAAAGCTGATGGTGAGACAACAGACTATGCTGCATCTGTGAAAGGCAGATTCACCATCTCCAGAGATGATTCGAAAAGCATCACCTATCTGCAAATGAACAACCTGAAAACCGAGGACACGGCCGTGTATTACTGTGCGAGGAA,none,AHTF,exact
IGHV3-59*01,GAGGTGCAGCTGGTGGAGTCTGGGGGCGGCTTGGCAAAGCCTGGGGGGTCCCTGAGACTCTCCTGCGCAGCCTCTGGATTCACCTTCAGTGACTACTACATGCACTGGGTCCGCCAGGCTTCAGGGAAGGGGCTGGAGTGGGTCTCACGTATTAGTAATGGTGGTGGTAGCACATGGTACGCAGACTCCGTGAAGGGCAGATTCACCATCTCCAGAGAGAACGCCAAGAACACACTGTATCTTCAAATGGACAGCCTGAGAGCTGAGGACACGGCTGTCTATTACTGTGCGAGAGA,none,Q6H4,exact
IGHV3-59*02,GAGGTGCAGCTGGTGGAGTCTGGGGGCGGCCTGGTAAAGCCTGGGGGGTCCCTGAGACTCTCCTGCGCAGCCTCTGGATTCACCTTCAGTGACTACTACATGCACTGGGTCCGCCAGGCTTCAGGGAAGGGGCTGGAGTGGGTCTCACGTATTAGTAATGGTGGTGGTAGCACATGGTACGCAGACTCCGTGAAGGGCAGATTCACCATCTCCAGAGAGAACGCCAAGAACACACTGTATTTTCAAATGGACAGCCTGAGAGCTGAGGACACGGCTGTCTATTACTGTGCGAGAGA,none,4HSP,exact
IGHV3-67*01,GAAGTGCAGCTGGTGGAGTCTGGGGGAGGCGTGGTACAGCCTGGGGGGTCCCTGAGACTCTCGTGTGCAGCCTCTGGATTCACCTTTGATGATTATGCCATGGGCTGGGTCCGCCAAGCTCCAGGGAAGGGTCTGGAGTGGGTCTCTGCTATTAGTTGGGATGGTGGTAGCACAGGCTATGCAGACTCCGTGAAGGGCCGATTCACCATCTCCAGAGACAACGCCAAGAACTCCCTGTATCTGCAAATGGGCAGCCTGAGAGCTGAGGACACCGCCTTGTATTACTGTGCGAGAGA,new_label,,no_match
IGHV3-72*01,GAGGTGCAACTGGTGGAGTCTGGGGGAGGCTTGGTACAGCCTGGCGGGTCCCTGAGACTGTCCTGTGCAGCCTCTGGATTCACCTTCAGTAGCTATGCTATGCAGTGGGTTCACCAGGCTCCAGGGAAGGGTCTGGAGTGGGTATCAGCTATTGGTCCTGGTGGTGACACATACTATGCAGACGCCGTGAAGGGCAGATTCACCATCTCCAGAGACAACGCCAAGAACTCCTTGTATCTTCAAATGAACAGCCTGAGAGCCGAGGACACGGCTGTGTATTACTGTGCGAGAGA,none,5SPQ,exact
IGHV3-78*01,GAAGTGCAGCTGGTGGAGTCTGGGGGAGGCGTGGTACAGCCTGGGGGGTCCCTGAGACTCTCGTGTGCAGCCTCTGGATTCACCTTTGATGATTATGCCATGGGCTGGGTCCGCCAAGCTCCAGGGAAGGGTCTGGAGTGGGTCTCTGCTATTAGTTGGAATGGTGATAGCACATACTATGCAGACTCCGTGAAGGGCCGATTCACCATCTCCAGAGAGAACGCCAAGAACTCCCTGTATCTGCAAATAAACAGGCTGAGAGCTGAGGACACCGCCTTGTATTACTGTGCGAGAGA,add_new_subset,GYPG,query_is_new_sub
IGHV3-8*01,GAGGTGCAGTTGGTGGAGTCTGGGGGAGGCTTGGTACAGCCTGGGGGCTCCCTGAGACTCTCTTGTACAGGCTCTGGATTCACCTTCAGTAGCTACTACATGTACTGGGTCCGCCAGGCTCCAGGGAAGGGGCTGGAGTGGGTCTCAGCTATTAATACTGGTGGGGGTAGCACATGGTACACAGACTCCGTGAAGGGCCGATTCACCATCTCCAAAGAGAACGCCAAGAACACACTGTATCTTCAAATGGACAGCCTGAGAGCTGAGGACACGGCTGTCTATTACTGTGCGAAAGACA,none,24RK,exact
IGHV3S3*01,GAGGTGCAGTTGGTGGAGTCTGGGGGAGGCTTGGTACAGCCTGGGGGGTCCCTGAGACTCTCCTGTGCAGCCTCTGGATTCACCTTTGGTGATTATGGCATGAGCTGGGTCCGCCAGGCTCCAGGGAAGGGGCCGGAGTGGGTAGGTTTAATTAGAAACTAAGCTAATGGTGGGACAGCAGAATACGCCGCGTCTGTGAAAGGCAGATTCACCATCTCCAGAGATGATTCGAAAAGCTTTGCCAGTCTGCAAATGAGCAGCCTGAAAACCGAGGACACGGCCGTGTATTACTGTACTAGAGA,new_label,,no_match
IGHV3S4*01,GAGGTGCAGCTAGTGGAGTCTGGGGGAGGCTTGGTCCAGCCTGGGGGGTCCCTGAGACTCTCCTGTGCAGCCTCTGGATTCACCTTCAGTAGTTACGACATGAGCTGGGTCCGCCAGGCTCTGGGAAAGGGACTGGAGTGGGTCTCATCCATTAGTAACACTGGTAAAACCATATACTACGCTGACTCCGTGAAGGGCCGATTCACCATCTCCAGAGACAACGCCAAGAACTCGCTGTCTCTGCAAATGAACAGCCTGAAAACCGAGGACACGGCCGTGTATTACTGTACTAGGGA,none,KPVA,exact
IGHV3S40*01,GAGGTGCAGCGGGTGGAGTCTGGGGGAGGCTTGGTGCAACCTGGGGGGTCCCTGAGACTCTCCTGTGCAGCATCTGGATTCACCATCAGTAGCTCCTGGATGAACTGGGACTTCCAGGCTCCAGGAAAGGGGCTGGAGTGTGTCTCACATATTAGTAGTGGTGTTAGCACAGACTACCCAGATTCTATCAAGGGCCAATTCACCATCTCCAGAGACAATACCGAGACCATGCTGTATGTGCAAATGAACAGCCTGAGAGCTGAGGACATGGCTGTGAATTACTGTGCAAGAGA,none,6MZB,exact
IGHV3S41*01,GAGGTGCAGCTGGTAGAGTCTGGGGGAGGCTTAGTCCAGCCTGGCGGGTCCCTGAGACTCTCCTGTGCAACCTCTGGATTCACCTTCAGTAACTACTGGATGTACTGGTTCCGCCAGGCTCCAGGGAAGGGGCTGGAGTGGGTCTCAAGTATTAGTGGTAGCAGTAGTAACACATACTACCCAGACTCTGTCAAGGGCCGATTCACCATCTCCAGAGACAACGCCAAGAACACGCTGTATCTGCAAATGAACAGCCTGAGAGCCGAGGACACGGCTGTCTATTACTGTGCGAGAGA,none,7WBG,exact
IGHV3S42*01,GAGGTGCAGCTGGTGGAGTCTGGGGGCGGCTTGGCAAAGCCTGGGGGGTCCCTGAGACTCTCCTGTGCAGCCTCTGGATTCACCTTCAGTAGCTACTGGATGAATTGGGTCCGCCAGACTCCAGGGAAGGGGCTGGAGTGGATCTCAGCTATTAATAGTGGTGGGGGTAGCACATACTACGCAGACTCCGTGAAGGGCCGATTCACCATCTCCAGAGACAACTCAAAGAACACGCTCTCCCTGCAAATGAACAGCCTGAGAGCTGAGGACACGGCCGTGTATTACTGTGCTAAAGA,none,RJ6M,exact
IGHV3S43*01,GAGGTGCAACTGGTGGAGTCTGGGGGAGGCTTGGTCCAGCCTGGGGGGTCCCTGAGACTCTCCTGTGCAGCCCCCGGATTCACCTCGGGTAACTCTGACTTGATCTGGATCCGCCAGGCTCCAGGGAAGGGTCTGGAGTGGGTCTCATACATTAGTAGTGGTGGTAGCATATACTACTCAGACTCTGTCAAGGGCCGATTCACCATCTCCAGAGACAACGCCAAGAACACGCTGTATCTGCAAATGAGCAGCCTGAGAGTGGAGGACACGGCTGTGTATTACTGTGCAAAAGA,none,UD4Q,exact
IGHV4-106*01,CAGGTGCAGCTGCAGGAGTCGGGCCCAGGACTGGTGAAGCCTTCGGAGACCCTGTCCCTCACCTGCGCTGTCTCTGGTGGCTCCATCAGCGATGATTACTACTGGAGCTGGATCCGCCAGCCCCCAGGGAAGGGACTGGAGTGGATTGGGTACATCTATGGTAGTGGTGGGGGCACCAACTACAATCCCTCCCTCAAGAATCGAGTCACCATTTCAATAGACACGTCCAAGAACCAGTTCTCCCTGAAGCTGAGCTCTGTGACCGCCGCGGACACGGCCGTGTATTACTGTGCGAGAGA,none,XWRM,exact
IGHV4-122*01,CAGGTGCAGCTGCAGGAGTCGGGCCCAGGACTGGTGAAGCCTTCGGAGACCCTGTCCCTCACCTGCGCTGTCTCTGGTGGCTCTATCAGCAGTAGTTACTACTACTGGAGCTGGATCCGCCAGGCCCCAGGGAAGGGACTGGAGTGGATTGGGTACATCTATGGTGGTAGTGGGAGCACCAGCTACAACCCGTCCCTCAAGAGTCGAGTCACCATTTCAAGAGACACGTCCAAGAACCAGTTCTCCCTGAAGCTGAGCTCTGTGACCGCCGCGGACACGGCCGTGTATTACTGTGCGAGACA,new_label,,no_match
IGHV4-122*02,CAGGTGCAGCTGCAGGAGTCGGGCCCAGGACTGGTGAAGCCTTCGGAGACCCTGTCCCTCACCTGCGCTGTCTCTGGTGGCTCCATCAGCAGTGGTTACTACTACTGGAGCTGGATCCGCCAGCCCCCAGGGAAGGGACTGGAGTGGATTGGGTACATCACTTATAGTGGGAGCACCAGCTACAACCCGTCCCTCAAGAGTCGAGTCACCATTTCAAGAGACACGTCCAAGAACCAGTTCTCCCTGAAGCTGAGCTCTGTGACCGCCGCGGACACGGCCGTGTATTACTGTGCGAGAGA,none,GRK5,exact
IGHV4-127*01,CAGGTGCAGCTGCAGGAGTCGGGCCCAGGACTGGTGAAGCCTTCGGAGACCCTGTCCCTCACCTGCGCTGTCTCTGGTTACTCCATCAGCAGTGGTTATGGCTGGAGCTGGATCCGCCAGCCCCCAGGGAAGGGGCTGGAGTGGATTGGGTATATCGGTGGTAGTAGTGGTAGCACCAACTACAACCCCTCCCTCAAGAGTCGAGTCACCATTTCAAAAGACACGTCCAAGAACCAGTTCTCCCTGAAGCTGAGCTCTGTGACCGCCGCGGACACGGCCGTGTATTACTGTGCGAGAGA,none,6E3H,exact
IGHV4-143*01,CAGGTGCAGCTGCAGGAGTCGGGCCCAGGACTGGTGAAGCCTTCGGAGACCCTGTCCCTCACCTGCACTGTCTCTGGTGGCTCCATCAGCGGTTACTACTACTGGAGCTGGATCCGCCAGCCCCCAGGGAAGGGACTGGAGTGGATTGGGGGTATCTATGGTAATAGTGCGAGCACCTACTACAACCCCTCCCTCAAGAGTCGAGTCACCATTTCAAAAGACACGTCCAAGAACCAGTTCTCCCTGAAGCTGAGCTCTGTGACCGCCGCGGACACGGCCGTGTATTACTGTGCGAGACA,new_label,,no_match
IGHV4-147*01,CAGGTGCAGCTGCAGGAGTCGGGCCCAGGACTGGTGAAGCCTTCGGAGACCCTGTCCCTCACCTGCGCTGTCTCTGGTGGCTCCATCAGCAGTAACTACTGGAGCTGGATCCGCCAGCCCCCAGGGAAGGGACTGGAGTGGATTGGACGTATCTATGGTAGTAGTGGGAGCACCAGCTACAACCCCTCCCTCACGAGTCGAGTCACCATTTCAACAGACACGTCCAAGAACCAGTTCTCCCTGAAGCTGAGCTCTGTGACCGCCGCGGACACGGCCGTGTATTACTGTGCGAGAGA,none,ZH2U,exact
IGHV4-160*01,CAGGTGCAGCTGCAGGAGTCGGGCCCAGGACTGGTGAAGCCTTCGGAGACCCTGTCCCTCACCTGCGCTGTCTCTGGTGGCTCCATCAGCAGTAACTACTGGAGCTGGATCCGCCAGCCCCCAGGGAAGGGGCTGGAGTGGATTGGACGTATCTATGGTAGTGGTGGGAGCACCGACTACAACCCCTCCCTCAAGAGTCGAGTCACCATTTCAACAGACACGTCCAAGAACCAGTTCTCCCTGAAGCTGAGCTCTGTGACCGCCGCGGACACGGCCGTGTATTACTGTGCGAGAGA,none,5QDM,exact
IGHV4-165*01,CAGGTGCAGCTGCAGGAGTCGGGCCCAGGACTGGTGAAGCCTTCGGAGACCCTGTCCCTCACCTGCGCTGTCTCTGGTGGCTCCATCAGCGGTTACTACTGGAGCTGGATCCGCCAACCCCCAGGGAAGGGGCTGGAGTGGATTGGGTATATCGGTGGTAGTAGTGGGAGCACCTACTACAACCCCTCCCTCAAGAGTCGAGTCACCATTTCAACAGACACGTCCAAGAACCAGTTCTCCCTGAAGCTGAGCTCTGTGACCGCCGCGGACACGGCCGTGTATTACTGTGCGAGAGA,new_label,,no_match
IGHV4-165*02,CAGGTGCAGCTGCAGGAGTCGGGCCCAGGACTGGTGAAGCCTTCGGAGACCCTGTCCCTCACCTGCGCTGTCTCTGGTGGCTCCATCAGCGGTTACTACTGGAACTGGATCCGCCAACCCCCAGGGAAGGGGCTGGAGTGGATTGGGTATATCGGTGGTAGTAGTGGGAGCACCTACTACAACCCCTCCCTCAAGAGTCGAGTCACCATTTCAACGGACACGTCCAAGAACCAGTTCTCCCTGAAGCTGAGCTCTGTGACCGCCGCGGACACGGCCGTGTATTACTGTGCGAGAAA,none,5WTP,exact
IGHV4-169*01,CAGCTGCAGCTGCAGGAGTCGGGCCCAGGACTGGTGAAGCCTTCGGAGACCCTGTCTGTCACCTGCGCTGTCTCTGGTGGCTCTATCAGCAGTAGCTACTGGAGCTGGATCCGCCAGGCCCCAGGGAAGGGACTGGAGTGGATTGGGTATATCTATGGTAGTGGTAGTAGCACCAACTACAACCCCTCCCTCAAGAGTCGAGTCACCCTGTCAGTAGACACGTCCAAGAACCAGCTCTCCCTGAAGCTGAGCTCTGTGACCGCCGCGGACACGGCCGTGTATTACTGTGCGAGAA,new_label,,no_match
IGHV4-169*02,CAGCTGCAGCTGCAGGAGTCGGGCCCAGGACTGGTGAAGCCTTCGGAGACCCTGTCTGTCACCTGCGCTGTCTCTGGTGGCTCTATCAGCAGTAGCTACTGGAGCTGGATCCGCCAGGCCCCAGGGAAGGGACTGGAGTGGATTGGGTATATCTATGGTAGTGGTAGTAGCACCAACTACAACCCCTCCCTCAAGAGTCGAGTCACCCTGTCAGTAGACACGTCCAAGAACCAGCTCTCCCTGAAGCTGAGCTCTGTGACCGCCGCGGACACGGCCGTGTATTACTGTGCGAGCGA,none,SMLE,exact
IGHV4-173*01,CAGCTGCAGCTGCAGGAGTCGGGCCCAGGACTGGTGAAGCCTTCGGAGACCCTGTCCCTCACCTGCGCTGTCTCTGGTGGCTCCATCAGCAGTAACTACTGGAGCTGGATCCGCCAGCCCCCAGGGAAGGGACTGGAGTGGATTGGACGTATCTCTGGTAGTGGTGGGAGCACCGACTACAACCCCTCCCTCAAGAGTCGAGTCACCATTTCAACAGACACGTCCAAGAACCAGTTCTCCCTGAAGCTGAGCTCTGTGACCGCCGCGGACACGGCCGTGTATTACTGTGCGAGAGA,none,PDQP,exact
IGHV4-57*02,CAGCTGCAGCTGCAGGAGTCGGGCCCAGGACTGGTGAAGCCTTCGGAGACCCTGTCCCTCACCTGCGCTGTCTCTGGTGGCTCCATCAGCAGTAGTAACTGGTGGAGCTGGATCCGCCAGCCCCCAGGGAAGGGACTGGAGTGGATTGGACGTATCTCTGGTAGTGGTGGGAGCACCAGCGACAACCCCTCCCTCAAGAGTCGAGTCACCATTTCAAAAGACACGTCCAAGAATCAGTTCTCCCTGAAGCTGAGCTCTGTGACCGCCGCGGACACGGCCGTGTATTACTGTGCGAGAAA,none,ZUXC,exact
IGHV4-65*01,CAGGTGCAGCTGCAGGAGTCGGGCCCAGGACTGGTGAAGCCTTCGGAGACCCTGTCCCTCACATGCGCTGTCTCTGGTGGCTCTATCAGCAGTAGTAACTGGTGGAGCTGGATCCGCCAGCCCCCAGGGAAAGGGCTGGAGTGGATTGGGTATATCAGTGGTAGTAGTGGTAGCACCTACTACAACCCCTCCCTCAAGAGTCGAGTCACCATTTCAACAGACACGTCCAAGAACCAGTTCTCCCTGAAGCTGAGCTCTGTGACCGCCGCGGACACGGCCGTGTATTACTGTGCGAGACA,none,2QNG,exact
IGHV4-65*02,CAGGTGCAGCTGCAGGAGTCGGGCCCAGGACTGGTGAAGCCTTCAGAGACCCTGTCCCTCACCTGCGCTGTCTCTGGTGGCTCTATCAGCAGTAGTAACTGGTGGAGCTGGATCCGCCAGCCCCCAGGGAAAGGGCTGGAGTGGATTGGGAATATCGGTGGTAGTAGTGGTAGCACCTACTACAACCCCTCCCTCAAGAGTCGAGTCACCATTTCAAAAGACACGTCCAAGAACCAGTTCTCCCTGAAGCTGAGCTCTGTGACCGCCGCGGACACGGCCGTGTATTACTGTGCGAGACA,none,WOFG,exact
IGHV4-73*01,CAGGTGAAGCTGCAGCAGTGGGGCGAAGGACTGGTGAAGCCTTCGGAGACCCTGTCCCTCACCTGCGCTGTCTATGGTGGCTCCATCAGCGGTTACTACTACTGGAGCTGGATCCGCCAGCCCCCAGGGAAGGGGCTGGAGTGGATTGGGTATATCTATGGTAATAGTGCGAGCACCAACTACAACCCCTCCCTCAAGAATCGAGTCACCATTTCAAAAGACACGTCCAAGAACCAGTTCTCCCTGAAGCTGAGCTCTGTGACCGCCGCGGACACGGCCGTGTATTACTGTGCGAGAGA,none,IU7G,exact
IGHV4-76*01,CAGGTGCAGCTGCAGGAGTCGGGCCCAGGACTGGTGAAGCCTTCAGAGACCCTGTCCCTCACCTGCGCTGTCTCTGGAGGCTCTATCAGCGGTGGTTATGACTGGAGCTGGATCCGCCAGCCCCCAGGGAAGGGGCTGGAGTGGATTGGGTATATCTATGGTAGTAGTGGGAGCACCAACTACAACCCGTCCCTCAAGAATCGAGTCACCATTTCAAAAGACACGTCCAAGAACCAGTTCTCCCTGAAGCTGAGCTCTGTGACCGCCGCGGACACGGCCGTGTATTACTGTGCGAGACA,new_label,,no_match
IGHV4-80*01,CAGGTGCAGCTGCAGGAGTCGGGCCCAGGACTGGTGAAGCCTTCGGAGACCCTGTCCCTCACCTGCGCTGTCTCTGGTGCCTCCATCAGTAGTTACTGGTGGAGCTGGATCCGCCAGCCCCCAGGGAAGGGACTGGAGTGGATTGGGGAGATCAATGGTAATAGTGGTAGCACCTACTACAACCCCTCCCTCAAGAGTCGAGTCACCATTTCAAAAGACGCGTCCAAGAACCAGTTCTCCCTGAAGCTGAGCTCTGTGACCGCCGCGGACACGGCCGTGTATTACTGTGCGAGATA,new_label,,no_match
IGHV4-81*01,CAGCTGCAGCTGCAGGAGTCGGGCCCAGGACTGGTGAAGCCTTCGGAGACCCTGTCCCTCACCTGCGCTGTCTCTGGTGGCTCCATCAGCGGTTACTACTGGAGCTGGATCCGCCAGCCCCCAGGGAAGGGACTGGAGTGGATTGGGAATATTGATGGTAATATTGCGGGCACCAACTACAACCCCTCCCTCAAGAGTCGAGTCACCATTTCAAAAGACACGTCCAAGAATCAGTTCTCCCTGAAGCTGAGCTCTGTGACCGCCGCGGACACGGCCGTGTATTACTGTGCGAGAAA,none,HKOD,exact
IGHV4-92*01,CAGGTGCAGCTGCAGGAGTCGGGCCCAGGACTGGTGAAGCCTTCGGAGACCCTGTCCCTCACCTGCGCTGTCTCTGGTGGCTCCATCAGCAGTAGTAACTGGTGGAGCTGGATCCGCCAGCCCCCAGGGAAGGGACTGGAGTGGATTGGACGTATCTCTGGTAGTGGTGGGAGCACCAGCGACAACCCCTCCCTCAAGAGTCGAGTCACCATTTCAAAAGACACGTCCAAGAATCAGTTCTCCCTGAAGCTGAGCTCTGTGACCGCCGCGGACACGGCCGTGTATTACTGTGCGAGAAA,none,TPEK,exact
IGHV4-93*01,CAGGTGCAGCTGCAGGAGTCGGGCCCAGCAGTGGTGAAGCCTTCGGAGACCCTGTCCCTCACCTGCGCTGTCTCTGGTGGCTCCATCAGCAGTAGTAACTGGTGGAGCTGGATCCGCCAGTCCCCAGGGAAGGGGCTGGAATGGATTGGGGGTATCTATGGTAGTGGTGGGAGCACCGAATACAACCCCTCCCTCAAGAGTCGAGTCACCATTTCAAAAGACACGTCCAAGAACCAGTTCTCCCTGAAGCTGAGCTCTGTGACCGCCGCGGACACCGCCGTGTATTACTGTGCGAGAGA,none,7M7H,exact
IGHV4-93*02,CAGGTGCAGCTGCAGGAGTCGGGCCCAGCAGTGGTGAAGCCTTCGGAGACCCTGTCCCTCACCTGCGCTGTCTCTGGTGGCTCCATCAGCAGTAGTAACTGGTGGAGCTGGATCCGCCAGTCCCCAGGGAAGGGGCTGGAATGGATTGGGGGTATCTATGGTAGTGGTGGGAGCACCGAATACAACCCCTCCCTCAAGAGTCGAGTCACCATTTCAATAGACACGTCCAAGAACCAGTTCTCCCTGAAGCTGAGCTCTGTGACCGCCGCGGACACCGCCGTGTATTACTGTGCGAGACA,none,Z5CI,exact
IGHV4-99*01,CAGGTGCAGCTGCAGGAGTCGGGCCCAGGACTGGTGAAGCCTTCGGAGACCCTGTCCCTCACCTGCGCTGTCTCTGGTTACTCCATCAGCAGTGGTTACTACTGGGGCTGGATCCGTCAGCCCCCAGGGAAGGGACTGGAGTATATTGGGTATATCAGTGGTAGTAGTGGGAGCACCTACTACAACCCCTCCCTCAAGAGTCGAGTCACCATTTCAAAAGACACGTCCAAGAACCAGTTCTCCCTGAAGCTGAGCTCTGTGACCGCCGCGGACACGGCCGTGTATTACTGTGCGAGACA,none,3IE4,exact
IGHV4-99*02,CAGGTGCAGCTGCAGGAGTCGGGCCCAGGACTGGTGAAGCCTTCGGAGACCCTGTCCCTCACCTGCGCTGTCTCTGGTTACTCCATCAGCAGTGGTTACTACTGGGGCTGGATCCGTCAGCCCCCAGGGAAGGGACTGGAGTATATTGGGTATATCAGTGGTAGTAGTGGGAGCACCTACTACAACCCCTCCCTCAAGAGTCGAGTCACCATTTCAAAAGACACGTCCAAGAACCAGTTCTCCCTGAAGCTGAGCTCTGTGACCGCCGCGGACACGGCCGTGTATTACTGTGCGAGAGA,new_label,,no_match
IGHV4S10*01,CAGGTGCAGCTGCAGGAGTCGGGCCCAGGAGTGGTGAAGCCTTCAGAGACCCTGTCCCTCACCTGCGCTGTCTCTGGTGGCTCCATCAGCGATAGTTACTGGTGGAGCTGGATCCGCCAGCCCCCAGGGAAGGGACTGGAGTGGATTGGGTACATCTATGGTAGTAGTACGAGCACCAACTACAACCCCTCCCTCAAGAGTCGAGTCACCATTTCAAAAGACACGTCCAAGAACCAGTTCTCCTTGAAGCTGAGCTCTGTGACCGCCGCGGACACGGCCGTGTATTACTGTGCGAGAGA,none,KLFH,exact
IGHV4S13*01,CAGGTGCAGCTGCAGGAGTCGGGCCCAGGAGTGGTGAAGCCTTCGGAGACCCTGTCCCTCACCTGCGCTGTCTCTGGTGGCTCCATCAGCAGTGGTTACTACTACTGGAGCTGGATCCGCCAGCCCCCAGGGAAGGGGCTGGAGTGGATTGGGGGTATCTATAGTAATAGTGAGAGTACCAACTACAACCCCTCCCTCAAGAGTCGAGTCACCATTTCAAAAGACACGTCCAAGAACCAGTTCTCCCTGAAGCTGAGCTCTGTGACCGCCGCGGACACGGCCGTGTATTACTGTGCGAGAGA,none,H4SF,exact
IGHV4S2*01,CAGGTGCAGCTGCAGGAGTCGGGCCCAGGACTGGTGAAGCCTTCGGAGACCCTGCCCCTCACCTGCGCTGTCTCTGGTGCCTCCATCAGCAGTAACTACTGGAGCTGGATCCGCCAGGCCCCAGGGAAGGGACTGGAGTGGATTGGACGTATCTATGGTAGTGGTGGGAGCACCGACTACAACCCCTCCCTCAAGAGTCGAGTCACCATTTCAATAGACACGTGCAAGAACCAGTTCTCCCTGAAGCTGAGCTCTGTGACCGCCGCGGACACGGCCGTGTATTACTGTGCGAGAGA,new_label,,no_match
IGHV4S9*01,CAGGTGCAGCTGCAGGAGTCGGGCCCAGGACTGGTGAAGCCTTCGGAGACCCTGTCCCTCACCTGCGCTGTCTCTGGTGGCTCCATCAGCGATTACTACTACTGGAACTGGATCCGCCAACCCCCAGGGAAGGGGCTGGAGTGGATTGGGAATATCTATGGTAATAGTGCGAGCACCTACTACAACCCCTCCCTCAAGAGTCGAGTCACCATTTCAAAAGACACGTCCAAGAACCAGTTCTTCCTGAAGCTGAGCTCTGTGACCGCCGCGGACACCGCCGTGTATTACTGTGCGAGAGA,none,MQNI,exact
IGHV5-189*01,GAGGTGCAGCTGGTGCAGCCTGGAGCAGAGGTGAAAAGGCCCGGGGAGTCTCTGAGGATCTCCTGTAAGACTTCTGGATACAGCTTTACCAGCTACTGGATCAGCTGGGTGCGCCAGATGCCCGGGAGAGAACTGGAGTGGATGGGGAGCATCCATCCTGGGACCTCTGATACCAGATACAACCCGTCCTTCCAAGGCCAGGTCACCATCTCAGCCGACAGCTCCATCAGCACCGTCTACCTGCAGTGGAGCAGCCTGAAGGCCTCGGACTCCGCCATGTATTATTGTGCAAGA,new_label,,no_match
IGHV5-189*02,GAGGTGCAGCTGGTGCAGTCTGGAGCAGAGGTGAAAAGGCCCGGGGAGTCTCTGAGGATCTCCTGTAAGACTTCTGGATACAGCTTTACCAGCTACTGGATCAGCTGGGTGCGCCAGATGCCCGGGAGAGAACTGGAGTGGATGGGGAGCATCCATCCTGGGACCTCTGATACCAGATACAACCCGTCCTTCCAAGGCCAGGTCACCATCTCAGCCGACAGCTCCATCAGCACCGTCTACCTGCAGTGGAGCAGCCTGAAGGCCTCGGACTCCGCCATGTATTATTGTGCAAGA,none,T2J5,exact
IGHV5-20*01,GAGGTGCAGCTGGTGCAGTCTGGAGCAGAGGTGAAAAGGCCCGGGGAGTCTCTGAAGATCTCCTGTAAGACTTCTGGATACAGCTTTACCAGCTACTGGATCAGCTGGGTGCGCCAGATGCCCGGAAAAGGCCTGGAGTGGATGGGGGCGATTGATCCTAGTGATTCTGATACCAGATACAACCCGTCCTTCCAAGGCCAGGTCACCATCTCAGCCGACAAGTCCATCAGCACCGCCTACCTGCAGTGGAGCAGGCTGAAGGCCTCGGACACCGCCACGTATTACTGTGCGAAAGA,new_label,,no_match
IGHV5-20*02,GAGGTGCAGCTGGTGCAGTCTGGAGCAGAGGTGAAAAGGCCCGGGGAGTCTCTGAAGATCTCCTGTAAGACTTCTGGATACAGCTTTACCAGCTACTGGATCAGCTGGGTGCGCCAGATGCCCGGAAAAGGCCTGGAGTGGATGGGGGCGATTGATCCTAGTGATTCTGATACCAGATACAGCCCGTCCTTCCAAGGCCAGGTCACCATCTCAGCCGACAAGTCCATCAGCACCGCCTACCTGCAGTGGAGCAGCCTGAAGGCCTCGGACACCGCCACGTATTACTGCGCGAAAGA,none,YZ5N,exact
IGHV5-43*01,GAGGTGCAGCTGGTGCAGTCTGGAGCAGAGGTGAAAAGGCCCGGGGAATCTCTGAGGATCTCCTGTAAGACTTCTGGATACAGCTTTACCAGCAGCTGGATCAGCTGGGTGCGCCAGATGCCCGGGAAAGGCCTGGAGTGGATGGGGAGCATCTATCCTGGTGATTCTGATACCAGATACAACCCGTCCTTCCAAGGCCACGTCACTATCTCAGCCGACAAGTCCATCAGCACCACCTACCTGCAGTGGAGCAGCCTGAAGGCCTCGGACACCGCCACGTATTACTGTGCGAAAGT,new_label,,no_match
IGHV5-43*02,GAGGTGCAGCTGGTGCAGTCTGGAGCAGAGGTGAAAAGGCCCGGGGAGTCTCTGAAGATCTCCTGTAAGACTTCTGGATACAGCTTTACCAGCAGCTGGATCAGCTGGGTGCGCCAGATGCCCGGGAAAGGCCTGGAGTGGATGGGGAGCATCTATCCTGGTGATTCTGATACCAAATACAACCCGTCCTTCCAAGGCCACGTCACTATCTCAGCCGACAAGTCCATCAGCACCACCTACCTGCAGTGGAGCAGCCTGAAGGCCTCGGACACCGCCACGTATTACTGTGCGAAAGT,none,LQDJ,exact
IGHV6-1*01,CAGGTGCAGCTGCAGGAGTCAGGTCCAGGACTGGTGAAGCCCTCACAGACCCTGTCACTCACCTGTGCCATCTCCGGGGACAGTGTCTCTAGCAACAGTGCTACTTGGAACTGGATCAGGCAGTCGCCATCGAGAGGCCTTGAGTGGCTGGGAAGGACATACTACAGGTCCAAGTGGTATAATGATTATGCACAATCTGTGCAAAATCGAATAAGCATCAACCCAGACACATCCAAGAACCAGTTCTCCCTGCAGCTGAACTCTGTGACCCCCGAGGACATGGCCGTGTATTACTGTGCAAGAGA,none,KLD3,exact
IGHV7-114*01,CAGGTGCAGCTGGTGCAGTCTGGGGCTGAGGTGAAGCAGCCGGGGGCCTCAGTGAAGGTCTCCTGCAAGGCTTCTGGTTACACCTTCACTAGCTATGGTATGAATTGGGTGCGACAGGCCCATGGACAACGGCTTGAGTGGATGGGATGGATCAACACCGACACTGGGAACCCAACATATGCCCAGGGCTTCAAAGAACGATTTACCTTCTCCATGGACACCTCTATCAGCACGGCATATCTGCAGATCAGCAGCCTAAAGGCTGAGGACACGGCCGTGTATTACTGTGCAAGACA,new_label,,no_match
IGHV7-128*01,CAGGTGCAGCTGGTGCAGTTTGGGCCTGAGGTGAAGCAGCCTGTGGCCTCAGTGAAGGTTTTCTGCGAGGCTTCTGGTTACAGCTTTACCACCTATGGTATGAATTGGGTGAGACAGGTCCCTGGAGAAGGGCTTGAGTGGATGGGATGGATGAACACCAACACTGGGAACCCAACGTATGCCCAGGGCTAAACAGGACGGTTTGTCTTCTCCATGGACACCTCTGTCAGCACAGTGCATCTGCAGATCAGCAGCCTAAAGGCTGAGGACACGGCCGTGCATTACTGTACGAGAGA,new_label,,no_match
IGHV7-149*01,CAGGTGCAGCTGGTGCAGTCTGGGCCTCAGATGAAGCAGCCTGGGGCCTCAGTGAAGTTCTCCTGCAAGGCTTCTGGTTACACCTTCACTAGCTATGTTACGAACTGGGTGCGACAGGCCCCTGGACAAGGGCTTGAATAGATAGGATGGATCAACACCAACACTGGGAACCCAATGTTTGCCCAGGGCTTCACAGGATGGTTTGTCTTCTCTGTGGACACCTCTGTCAGCACAGCATATCTGCAGATCAGCAGCCTAAAGGATGAGGACATGGCTGTGTATTGCTGTTAGAGAGA,new_label,,no_match
IGHV7-193*01,CAGGTGCAGCTGGTGCAGTCTGGGCCTGAGGTGAAGCAGCCTGGGGCCTCAGTGAAGGTCTCCTGCAAGGCTTCTGGTTACAGCTCCACCACCTATGGTATGAATTGGGTGCGACAGGCCCCTGGACAGGGCCTTGAGTGGATGGGATGGATGAACACCTACACTGGGAACCCAACGTATGCCCAGGGCTTCACAGAACGGTTTGTCTTCTCCATGGACACCTCTGTCAGCACAGTGTACCTGCAGATCAGCAGCCTAAAGGCTGAGGACACGGCCGTGTATTACTGTGCGAGATA,none,3Y2O,exact
IGHV7-193*02,CAGGTGCAGCTGGTGCAGTCTGGGCCTGAGGTGAAGCAGCCTGGGGCCTCAGTGAAGGTCTCCTGCAAGGCTTCTGGTTACAGCTTCACCACCTATGGTATGAATTGGGTGCGACAGGCCCCTGGACAGGGCCTTGAGTGGATGGGATGGATGAACACCTACACTGGGAACCCAACGTATGCCCAGGGCTTCACAGAACGGTTTGTCTTCTCCATGGACACCTCTGTCAGCACAGTGTACCTGCAGATCAGCAGCCTAAAGGGTGAGGACACGGCCGTGTATTACTGTGCGAGATA,none,NVIO,exact
IGHV7-66*01,CAGGTGCAGCTGGTGCAGTTTGGGCCTGAGGCAAAGCAGCCTGTGGCCTCAGTGAAGGTTTTCTGCAAGGCTTCTGGTTACAGCTTTACCACCTATGGTATGAATTGGGTGAGACAGGTCCCTGGAGAAGGGCTTGAGTGGATGGGATGGATGAACACCAACACTGGGAACCCAATATATGCCCAGGGCTAAACAGAACGGTTTGTCTTCTCCATGGACACCTCTGTCAGCACAGTGCATCTGCAGATCAGCAGCCTAAAGGCTGAGGACACGGCCGTGCGTTACTGTAAGAGAGA,new_label,,no_match
IGHV7-77*01,CAGGTGCAGCTGGTGCAGTTTGGGCCTGAGGTGAAGCAGCCTGTGGCCTCAGTGAGGTACTTCTGCAAGGCTTCTGGTTACGGCTTTACCACCTATGGTATGAATTGGGTGAGACAGGTCCCTGGAGAAGGGCTTGAGTGGATGGGGTGGATGAACACCAACACTGGGAACCCAACGTATGCCCAGGGCTAAACAGGACGGTTTATCTTCTCCATGGACACCTCTGTCAGCACAGTGCATCTGCAGCTCAGCAGCCTAAAGGCTGAGGACACGGCCGTGCGTTACTGTACGAGAGA,new_label,,no_match
IGHV7-87*01,CAGGTGCAGCTGGTGCAGTTTGGGCCTGAGGTGAAGCAGCCTGTGGCCTCAGTGAAGGTCTTCTGCAAGGCTTCTGGTTACAGCTTTACCACCTATGGTATGAATTGGGTGAGACAGGTCCCTGGAGAAGGGCTTGAGTGGATGGGATGGATGAACATCAACACTGGGAACCCAATGTATGCCCAGGGCTAAACAGGATGATTTGTCTTCTCCATGGACACCTCTGTCAGCACGGCGCATCTGCAGATCAGCAGCCTAAAGGCTGAGGACATGGCCGTGCATTACTGTATGAGAGC,new_label,,no_match
IGHV7-94*01,CAGGTGCAGCTGGTGCAGTTTGGGCCTGAGGTGAAGCAGCCTGTGGCCTCAGTGAAGGTCTTCTGCAAGGCTTCTGGTTACAGCTTTACCACCTATGGTATGAATTGGGTGAGACAGGTCCCTGGAGAAGGGCTTGAGTGGATGGGATGGATGAACATCAACACTGGGAACCCAATGTATGCCCAGGGCTAAACAGGACGGTTTGTCTTCTCCATGGACACCTCTGTCAGCACAGTGTACCTGCAGATCAGCAGCCTAAAGGCTGAGGACACGGCCGTGCATTACTGTATGAGAGC,new_label,,no_match
IGHV7S8*01,CAGGTGCAGCTGGTGCAGTTTGGGCCTGAGGCGAAGCAGCCTGTGGCCTCAGTGAAGGTCTTCTGCAAGGCTTCTGGTTACAGCTTTACCACCTATGGTATGAATTGGGTGAGACAGGTCCCTGGAGAAGGGCTTGAGTGGATGGGGTGGATGAACACCAACACTGGGAACCCAACGTATGCCCAGGGCTAAACAGGACGGTTTGTCTTCTCCATGGACACCTCTGTCAGCACAGCGCATCTGCAGATCAGCAGCCTAAAGGCTGAGGACACGGCTGTGCATTACTGTACGAGAGA,new_label,,no_match
