seq_id,new_label,sequence,action,label,reason
IGHV-2OLR_S2078,PQR6,GAGGTCCAGCTGGTGCAGTCTGGGGCTGAGGTGAAGAAGCCTGGGGCCTCCGTGAAAATCTCCTGCAAGGCTTCTGGATACACCTTCACCGACTACTACCTGCACTGGGTGCGACAGGCTCCTGGAAAAGGGCTTGAGTGGATGGGACGTGTTGATCCTGAAGATGGTGAAGCAATACACGCACAGAAGTTCCAGGACAGAGTCACCATCACCGCGGACACGTCTACAGACACAGCCTACATGGAGCTGAGCAGCCTGAGATCTGAGGACACGGCCGTGTATTACTGTGCAAGAGA,new_label,,no_match
IGHV-3IPT_S7272,SXM7,CAGGTGCAGCTGCAGGAGTCGGGCCCAGGACTGGTGAAGCCTTCGGAGACCCTGTCCCTCACCTGCGCTGTCTCTGGTGGCTCCATCAGCGATTACTACTACTGGAACTGGATCCGCCAACCCCCAGGGAAGGGGCTGGAGTGGATTGGGAATATCTATGGTAATAGTGCGAGCACCTACTACAACCCCTCCCTCAAGAGTCGAGTCACCATTTCAAAAGACACGTCCAAGAACCAGTTCTCCCTGAAGCTGAGCTCTGTGACCGCCGCGGACACGGCCGTGTATTACTGTGCGAGAGA,new_label,,no_match
IGHV-3Y76_S3249,6IC3,GAGGTGCAGCTGGTGGAGTCTGGGGGCGGCTTGGCAAAGCCTGGGGGGTCCCTGAGACTCTCCTGCGCAGCCTCTGGATTCACCTTCAGTGACTACTACATGCACTGGGTCCGCCAGGCTTCAGGGAAGGGGCTGGAGTGGGTCTCACGTATTAGTAATGGTGGTGGTAGCACATGGTACGCAGACTCCGTGAAGGGCAGATTCACCATCTCCAGAGAGAACGCCAAGAACACACTGTATCTTCAAATGAACAGCCTGAGAGCTGAGGACACGGCTGTCTATTACTGTGCGAGAGA,new_label,,no_match
IGHV-5GWA_S6295,4FCM,CAGGTGCAGCTGCAGGAGTCGGGCCCAGGACTGGTGAAGCCTTCGGAGACCCTGTCCCTCACCTGCGCTGTCTCTGGTGGCTCCATCAGCAGTAGCTACTGGAGCTGGATCCGCCAGCCCCCAGGGAAGGGACTGGAGTGGATTGGGTATATCTATGGTGGTAGTGGGAGCACCAGCTACAACCCCTCCCTCAAGAGTCGAGTCACCATTTCAACAGACACGTCCAAGAACCAGTTTTCCCTGAAGCTGAGCTCTGTGACCGCCGCGGACACCGCCGTGTATTACTGTGCGAGATA,new_label,,no_match
IGHV-77ET_S9194,Y3S7,GAGGTGCAGCTGGTGGAGTCTGGGGGAGGCTTGGTCCAGCCTGGAGGGTCCCTGAGACTCTCCTGTGCAGCCTCTGGATTCACCTTCAGTAGTTACGACATGAGCTGGGTCCGCCAGGCTCCGGGAAAGGGGCTGGAGTGGGTCTCATATATTAGTTACACTGGTAAAACCATATACTACGCTGACTCCGTGAAGGGCCGATTCACCATCTCCAGAGACAACGCCAAGAACTCGCTGTCTCTGCAAATGAGCAGCCTGAGAGCCGAGGACACGGCCGTGTATTACTGTGCTAGAGA,new_label,,no_match
IGHV-7WXH_S3442,N2W7,CAGGTGCAGCTGCAGGAGTCGGGCCCAGGACTGGTGAAGCCTTCGGAGACCCTGTCCCTCACCTGCGCTGTCTCTGGTGGCTCCATCAGCAGTGGTTATGGCTGGAGCTGGATCCGCCAGCCCCCAGGGAAGGGGCTGGAGTGGATTGGGCATATCTATGGTAGTATTGGGAGCACCTACTACAACCCCTCCCTCAAGAGTCGAGTCACCATTTCAAAAGACACGTCCAAGAACCAGTTCTCCCTGAAGCTGAGCTCTGTGACCGCCGCGGACACGGCCGTGTATTACTGTGCGAGAGA,new_label,,no_match
IGHV-ASVQ_S3447,ILAW,CAGCTGCAGCTGCAGGAGTCGGGCCCAGGACTGGTGAAGCCTTCCGAGACCCTGTCCCTCACCTGCGCTGTCTCAGGTGGCTCCATCAGCGGTGGTTATGGCTGGAGCTGGATCCGCCAGCCCCCAGGGAAGGGGGTGGAGTGGATTGGGCATATCTTTGGTAGTATTGGGAGCACCTACTACAACCCCTCCCTCAAGAGTCGAGCCACCATTTCAAGAGACACGTCCAAGAACCAGTTCTCCCTGAAGCTGAGCTCTGTGACCGCCGCGGACACGGCCGTGTATTACTGTGCGAGAGA,new_label,,no_match
IGHV-BFAY_S0302,2WWR,CAGCTGCAGCTGCAGGAGTCGGGCCCAGGACTGGTGAAGCCTTCGGAGACCCTGTCCCTCACCTGCGCTGTCTCTGGTGGCTCTGTCAGCAGTAGTAACTGGTGGAGCTGGATCCGCCAACCCCCAGGGAAGGGACTGGAGTGGATTGGACGTATCTCTGGTAGTGGTGGGAGCACCAGCTACAACCCCTCCCTCACGAGTCGAGTCACCATTTCAACAGACACGTCCAAGAACCAGTTCTCCCTAAAGGTGAGCTCTGTGACCGCCGCGGACACGGCCGTGTATTACTGTGCGAGAGA,new_label,,no_match
IGHV-BFAY_S2676,Q2NF,CAGCTGCAGCTGCAGGAGTCGGGCCCAGGACTGGTGAAGCCTTCGGAGACCCTGTCCCTCACCTGCGCTGTCTCTGGTGGCTCTGTCAGCAGTAGTAACTGGTGGAGCTGGATCCGCCAACCCCCAGGGAAGGGACTGGAGTGGATTGGACGTATCTCTGGTAGTGGTGGGAGCACCAGCTACAACCCCTCCCTCACGAGTCGAGTCACCATTTCAACAGACACGTCCAAGAACCAGTTCTCCCTAAAGGTGAGCTCTGTGATCGCCGCGGACACGGCCGTGTATTACTGTGCGAGAGA,new_label,,no_match
IGHV-BMFT_S5723,KUGZ,GAGGTGCAGCTGGTGCAGTCTGGAGCAGAGGTGAAAAGGCCCGGGGAGTCTCTGAAGATCTCCTGTAAGACTTCTGGATACAGCTTTACCAGCTACTGGATCAGCTGGGTGCGCCAGATGCCCGGGAAAGGCCTGGAGTGGATGGGGGCGATTGATCCTAGTGATTCTGATACCAGATACAGCCCGTCCTTCCAAGGCCAGGTCACCATCTCAGCCGACAAGTCCATCAGCACCGCCTACCTGCAGTGGAGCAGCCTGAAGGCCTCGGACGCCGCCACGTATTACTGTGCGAAAGA,new_label,,no_match
IGHV-BUQS_S8993,YKTZ,CAGGTGCAGCTGCAGGAGTCGGGCCCAGGACTGGTGAAGCCTTCGGAGACCCTGTCCCTCACCTGCGCTGTCTCTGGTTACTCCATCAGCAGTGGTTACTACTGGGGCTGGATCCGCCAGCCCCCAGGGAAGGGGCTGGAGTGGATTGGGAGTATCTATGGTAGTGGTGGGAGCAACTACCTTAACCCGTCCCTCAAGAGTCGAGTCACCCTGTCAGTAGACACGTCCAAGAACCAGTTCTCCCTGAAGCTGAGCTCTGTGACCGCCGCGGACACGGCGGTGTATTACTGTGCGAGAGA,new_label,,no_match
IGHV-CHJV_S6154,X5G2,CAGGTGCAGCTGCAGGAGTCGGGCCCAGGACTGGTGAAGCCTTCGGAGACCCTGTCCCTCACCTGCGCTGTCTCTGGTGGCTCCATCAGTAGTAACTGGTGGAGCTGGATCCGCCAGCCCCCAGGGAAGGGACTGGAGTGGATTGGACGTATCTCTGGTAGTGGTGGGAGCACCAGCTACAACCCCTCCCTCAAGAGTCGAGTCACCATTTCAACAGACACGTCCAAGAACCAGTTCTCCCTGAAGCTGAGCTCTGTGACCGCCGCGGACACGGCCGTGTATTACTGTGCGAGAGA,new_label,,no_match
IGHV-2IKB_S5991,,GAGGTGCAGCTGGTGGAGTCCGGGGGAGGCTTGGTCCAGCCTGGCGGGTCCCTGAGACTCTCCTGTGCAGCCTCTGGATTCACCTTCAGTGATTATGCTATGGACTGGGTCCGCCAGGCTCCAGGAAAGGGGCTGGAGTGGGTGGGTTTCATTAGAAGCAAAGCTTATGGTGGGACAGCAGAATACGCCGCGTCTGTGAAAGGCAGATTCACCATCTCCAGAGATGATTCAAAGAACACGGCGTATCTGCAAATGAGCAGCCTGAAAACCGAGGACACGGCCGTGTATTACTGTACTAGAGA,none,D56D,exact
IGHV-DDKS_S8112,YHQN,GAGGTGCAGCTGGTGGAGTCTGGGGGCGGCTTGGCAAAGCCTGGGGGGTCCCTGAGACTCTCCTGCGCAGCCTCCGGATTCACCTTCAGTGACTACTACATGGACTGGGTCCGCCAGGCTCCAGGGAAGGGGCTGGAGTGGGTCTCACGTATTAGTAATGGTGGTGGTAGCACATGGTACGCAGACTCCGTGAAGGGCAGATTCACCATCTCCAGAGAGAACGCCAAGAACACACTGTATCTTCAAATGAACAGCCTGAGAGCTGAGGACAAGGCTGTCTATTACTGTGCGAGAGA,new_label,,no_match
IGHV-DWUN_S4057,DNBK,GAAGTGCAGCTGGTGGAGTCTGGGGGAGGCGTGGTACAGCCTGGGGGGTCCCTGAGACTCTCGTGTGCAGCCTCTGGATTCACCTTTGATGATTACGCCATGCACTGGGTCCGCCAAGCTCCAGGGAAGGGTCTGGAGTGGGTCTCTGGTATTAGTTGGAGTGGTGGTAGCACATACTATGCAGACTCCGTCAAGGGCCAATTCACCATCTCCAGAGACAACGCCAAGAACTCCCTGTATCTGCAAATGGGCAGCCTGAGAGCTGAGGACACCGCCTTGTATTACTGTGCGAGAGATA,new_label,,no_match
IGHV-E5SJ_S4361,GQ7C,CAGGTGCAGCTGCAGGAGTCGGGCCCAGGAGTGGTGAAGCCTTCGGAGACCCTGTCCCTCACCTGCGCTGTCTCTGGTGGCTCCATCAGCAGTGGTTACTACTACTGGAGCTGGATCCGCCAGCCCCCAGGGAAGGGGCTGGAGTGGATTGGGGGTATCTATAGTAATAGTGAGAGTACCAACTACAACCCCTCCCTCAAGAGTCGAGTCACCATTTCAAAAGACACGTCCAAGAACCAGTTTTCCCTGAAGCTGAGCTCTGTGACCGCAGCGGACACGGCCGTGTATTACTGTGCGAGAGA,new_label,,no_match
IGHV-FF3N_S8333,H5CA,CAGCTGCAGCTGCAGGAGTCGGGCCCAGGACTGGTGAAGCCTTTGGAGACCCTGTCCCTCACCTGCGCTGTCTCTGGTGGCTCCATCAGCAGTAACTACTGGAGCTGGATCCGCCAGGCCCCAGGGAAGGGACTGGAGTGGATTGGACGTATCTCTGGTAGTGGTGGGAGCACCGACTACAACCCCTCCCTCAAGAGTCGAGTCACCATTTCAACAGACACGTCCAAGAACCAGTTCTCCCTGAAGCTGAGCTCTGTGACCGCCGCGGACACGGCCGTGTATTACTGTGCGAGAGA,new_label,,no_match
IGHV-GGX7_S5374,CUK5,CAGGTGACCTTGAAGGAGTCTGGTCCTGCGCTGGTGAAACCCACACAGACCCTCACGCTGACCTGCACCTTCTCTGGGTTCTCACTCAGCACTAGTGGTATGGGTGTGGGCTGGATCCGTCAGCCCCCAGGGAAGGCCCTGGAATGGCTTGCAAGCATTTATTGGGATGATGATAAATACTACAGCACATCCCTGAAGAGCAGGCTCACCATCTCCAAGGACACCTCCAAAAACCAGGTGGTTCTAACAATGACCAACATGGACCCTGTGGACACAGCCACATATTACTGTGCACGGGTAC,new_label,,no_match
IGHV-GHRC_S0507,NNME,CAGGTGCAGCTGCAGGAGTCGGGCCCAGGACTGGTGAAGCCTTCGGAGACCCTGTCCCTCACCTGCGCTGTCTCTGGTTACTCCATCAGCAGTAACTACTGGAGCTGGATCCGCCAGCCCCCAGGGAAGGGACTGGAGTGGATTGGGTATATCTATGGTAGTAGTGGGAGCACCTACTACAACCCCTCCCTCAAGAGTCGAGTCACCATTTCAACAGACACGTCCAAGAACCAGTTCTCCCTGAAGCTGAGCTCTGTGACCGCCGCGGACACGGCCGTGTATTACTGTGCGAGATA,new_label,,no_match
IGHV-GYOS_S4415,,CAGGTGCAGCTGCAGGAGTCGGGCCCAGGACTGGTGAAGCCTTCGGAGACCCTGTCCCTCACCTGCGCTGTCTCTGGTGGCTCTATCAGCAGTAGTTACTACTACTGGAGCTGGATCCGCCAGGCCCCAGGGAAGGGACTGGAGTGGATTGGGTATATCTATGGTGGTAGTGGGAGCACCAGCTACAACCCGTCCCTCAAGAGTCGAGTCACCATTTCAATAGACACGTCCAAGAACCAGTTCTCCCTGAAGCTGAGCTCTGTGACCGCCGCGGACACGGCCGTGTATTACTGTGCGAGAGA,add_new_superset,WOLF,query_is_super
IGHV-HFYN_S8108,VMCE,GACGTGCAGCTGGTGGAGTCTGGGGGAGGCTTGGTAAAGCCTGGGGGGTCCCTGAGACTCTCTTGTGTAGCCTCTGGGTTCACCTTCAGTAGCTACGAAATGCACTGGGTCCGCCAGGCTCCAGGAAAGGGTCTGGAGTGGGTCTCAGTTATTAGTGAAAGTGGTGGTACCATATACTACGCAGACTCTGTGAAGGGCCGATTCACCATCTCCAGAGACAACGCCAAGAACTCACTGTTTCTGCAAATGAACAGCCTGAGAGCCGAGGACACGGCCGTGTATTACTGTACTAGAGA,new_label,,no_match
IGHV-KXRE_S1720,OOUY,GAGGTGCAGCTGGTGGAGTCTGGGGGAGGCTTGGTACAGCCTGGGGGGTCCCTGAGACTCTCTTGTACAGGCTCTGGATTCACCTTCAGTAGCTACTACATGTACTGGATCCGCCAGGCTCCGGGGAAGGGGCTGCAGTGGGTCTCAGCTATTAATACTGGTGGGGGTAGCACATGGTACACAGACTCCGTGAAGGGCAGATTCACCATCTCCAAAGAGAATGCCAAGAACACACTGTATCTTCAAATGAACAGCCTGAGAGCCGAGGACACGGCTGTCTATTACTGTGCGAAAGACA,new_label,,no_match
IGHV-MLWG_S6096,,CAGGTGCAGCTGCAGGAGTCGGGCCCAGGACTGGTGAAGCCTTCGGAGACCCTGTCCCTCACCTGCGCTGTCTCTGGTGGCTCCATCAGCGGTTACTACTGGAGCTGGATCCGCCAGCCCCCAGGGAAGGGACTGGAGTGGATTGGGGGTATCGGTGGTGGTAGTGGGAGCACCGAATACAACCCCTCCCTCAAAAGTCGAGTCACCATTTCAAGAGACACGTCCAAGAACCAGTTCTCCCTGAAGCTGAGCTCTGTGACCGCCGCGGACACGGCCGTGTATTACTGTGCGAGAGA,none,YGKZ,exact
IGHV-N2N7_S1772,SJYE,CAGGTGCAGCTGCAGGAGTCGGGCCCAGGACTGGTGAAGCCTTCAGAGACCCTGTCCCTCACCTGCGCTGTCTCTGGAGGCTCTATCAGCAGTGGTTATGACTGGAGCTGGATCCGCCAGGCCCCAGGGAAGGGGCTGGAGTGGATTGGGTATATCTATGGTAGTAGTGGGAGCACCAACTACAACCCGTCCCTCAAGAATCGAGTCACCATTTCAAAAGACGCGTCCAAGAACCAGTTCTCCCTGAAGCTGAGCTCTGTGACCGCCGCGGACACGGCCGTGTATTACTGTGCGAGAGA,new_label,,no_match
IGHV-N2SB_S3436,,CAGGTGCAGCTGCAGGAGTCGGGCCCAGGACTGGTGAAGCCTTCAGAGACCCTGTCCCTCACCTGCGCTGTCTCTGGTGGCTCCTTCAGCAGTTACTGGTGGGGCTGGATCCGCCAGCCCCCAGGGAAGGGGCTGGAGTGGATTGGGAGTATCTATGGTAGTAGTGGGAGCACCGAATACAACCCCTCCCTCAAAAGTCGAGCCACCATTTCAAGAGACACGTCCAAGAACCAGTTCTCCCTGAAGCTGAGCTCTGTGACCGCCGCGGACACGGCCGTGTATTACTGTGCGAGAGA,add_new_superset,3F3I,query_is_super
IGHV-NL67_S7532,,GAGGTGCGGCTGGTGGAGTCTGGGGGAGGCTTGGTCCAGCCTGGCGGGTCCCTGAGACTCTCCTGTGCAGCCTCTGGATTCACCTTCAGTGACTACTACATGAGCTGGGTCCGCCAGGCTCCAGGGAAGGGGCCGGAGTGGGTAGGTTTCATTAGAAACAAAGCTAATGGTGGGACAGCAGAATACGCCGCGTCTGTGAAAGGCAGATTCACCATCTCAAGAGATGATTCCAAAAGCATCGCCTATCTGCAAATGAACAGCCTGAAAACCGAGGACACGGCCGTGTATTACTGTGCTAGAGA,none,KDRG,exact
IGHV-RVDS_S3036,IZD6,CAGGTGCAGCTGCAGGAGTCGGGCCCAGGACTGGTGAAGCCTTCGGAGACCCTGTCCCTCACCTGCGCTGTCTCTGGTGGCTCCATCAGCGGTTACTACTGGAGCTGGATCCGCCAGCCCCCAGGGAAGGGGCTGGAGTGGATTGGGTATATCGGTGGTAGTAGTGGTAGCACCAACTACAACCCCTCCCTCAAGAGTCGAGTCACCATTTCAAAAGACACGTCCAAGAACCAGTTCTCCCTGAAGCTGAGCTCTGTGACCGCCGCGGACACGGCCGTGTATTACTGTGCGAGAGA,new_label,,no_match
IGHV-SSII_S0244,BXAH,GAGGTGCAGCTGGTGGAGTCTGGGGGAGGCTTGCTAAAGCCTGGGGGGTCCCTGAGACTCTCCTGTGTAGCCTCTGGGTTCACCTTCAGTAGCTACGAAATGCACTGGGTCCGCCAGGCTCCAGGAAAGGGTCTGGAGTGGGTCTCAGTTATTAGTGAAAGTGGTGGTACCACATACTACGCAGACTCCGTGAAGGGCCGATTCACCATCTCCAGAGACAACGCCAAGAACTCACTGTTTCTGCAAATGAACAGCCTGAGAGCCGAGGACACGGCCGTGTATTACTGTACTAGAGA,new_label,,no_match
IGHV-U3ZN_S3734,TLLE,CAGGTCACCTTGAAGGAGTCTGGTCCTGCGCTCGTGAAACCCACACAGACCCTCACGCTGACCTGCACCTTCTCTGGGTTCTCAATCAGCACTACTGGAACAGGTGTGGGCTGGATCCGTCAGCCCCCAGGGAAGGCCCTGGAATGGCTTGCAAGCATTTATTGGAATGATAGTAAATACTACAGCACATCGCTGAAGAGCAGGCTCACCATCTCCAAGGACACCTCCAAAAACCAGGTGGTTCTAACAATGACCAACATGGACCCTGTGGACACAGCCACATATTACTGTGCACGGATAC,new_label,,no_match
IGHV-XPRU_S1090,,CAGGTGCAGCTGCAGGAGTCAGGCCCAGGACTGGTGAAGCCTTCGGAGACCCTGTCCCTCACCTGCGCTGTCTCTGGTGGCTCCTTCAGCGGTTACTACTGGGGCTGGATCCGCCAGCCCCCAGGGAAGGGACTGGAGTGGATTGGGTATATCAGTGGTAGTAGTGGGAGCACCGACTACAACCCCTCCCTCACGAGTCGAGTCACCATTTCAAGAGACACGTCCAAGAACCAGTTTTCCCTGAAGCTGAGCTCTGTGACCGCCGCGGACACGGCCGTGTATTACTGTGCGAGAGA,none,FVXJ,exact
IGHV-YIMD_S3142,4PJH,GAGGTGCAGCTGGTGGAGTCTGGGGGAGGCCTGGCAAAGCCTGGGGGGTCCCTGAGACTCTCCTGCGCAGCCTCTGGATTCACCTTCAGTGACTACTACATGGACTGGGTCCGCCAGGCTTCAGGGAAGGGGCTGGAGTGGGTCTCACGTATTAGTAATGGTGGTGGTAGCACATGGTACGCAGACTCCGTGAAGGGCAGATTCACCATCTCCAGAGAGAACGCCAAGAACACACTGTATCTTCAAATGGACGGCCTGAGAGCTGAGGACACGGCTGTCTATTACTGTGCGAGAGA,new_label,,no_match
IGHV-ZOW4_S9591,RSQ5,GAGGTGCAGCTGGTGGAGTCTGGGGGCGGCTTGGCAAAGCCTGGGGGATCCCTGAGACTCTCCTGTGCAGCCTCCGGATTCACCTTCAGTAACTACTGGATGAACTGGGTCCGCCAGGCTCCAGGGAAGGGGCTGGAGTGGATCTCAGCTATCAATAGTGGTGGGGGTAGCACATACTACGCAGACTCCGTGAAGGGCCGATTCACCATCTCCAGAGACAACTCAAAGAACACGCTCTCCCTGCAAATGAACAGCCTGAGAGCTGAGGACACGGCCGTGTATTACTGTGCGAGAGA,new_label,,no_match
IGHV-43MS_S6114,IP2O,CAGGTGCAGCTGCAGGAGTCGGGCCCAGGACTGGTGAAGCCTTCGGAGACCCTGTCCCTCACCTGCGCTGTCTCTGGTGGCTCTATCAGCAGTAGTTACTACTACTGGAGCTGGATCCGCCAGGCCCCAGGGAAGGGACTGGAGTGGATTGGGTATATCTATGGTGGTAGTGGGAGCACCAGCTACAACCCGTCCCTCAAGAGTCGAGTCACCATTTCAATAGACACGTCCAAGAACCAGTTCTCCCTGAAGCTGAGCTCTGTGACCGCCGCGGACACGGCCGTGTATTACTGTGCGAGATA,new_label,,no_match
IGHV-6EAA_S3568,7SKR,GAGGTGCAGCTGGTGGAGTCCGGGGGAGGCTTGGTCCAGCCTGGCGGGTCCCTGAGACTCTCCTGTGCAGCCTCTGGATTCACCTTCAGTGATTATGCTATGGACTGGGTCCGCCAGGCTCCAGGAAAGGGGCTGGAGTGGGTGGGTTTCATTAGAAGCAAAGCTTATGGTGGGACAGCAGAATACGCCGCGTCTGTGAAAGGCAGATTCACCATCTCCAGAGATGATTCAAAGAACACGGCGTATCTGCAAATGAGCAGCCTGAAAACCGAGGACACGGCCGTGTATTACTGTACTAGGGA,new_label,,no_match
IGHV-6EAA_S5252,QTYG,GAGGTGCAGCTGGTGGAGTCCGGGGGAGGCTTGGTCCAGCCTGGCGGGTCCCTGAGACTCTCCTGTGCAGCCTCTGGATTCACCTTCAGTGATTATGCTATGGACTGGGTCCGCCAGGCTCCAGGAAAGGGGCTGGAGTGGGTAGGTTTCATTAGAAGCAAAGCTTATGGTGGGACAGCAGAATACGCCGCGTCTGTGAAAGGCAGATTCACCATCTCCAGAGATGATTCAAAGAACACGGCGTATCTGCAAATGAGCAGCCTGAAAACCGAGGACTCGGCCGTGTATTACTGTACTAGGGA,new_label,,no_match
IGHV-77VV_S7763,HJ2G,CAGGTGCAGCTGCAGGAGTCGGGCCCAGGACTGGTGAAGCCTTCGGAGACCCTGTCTGTCACCTGCACTGTCTCTGGTGCCTCCATCAGTAGTTACTGGTGGAGCTGGATCCGCCAGCCCCCAGGGAAGGGACTGGAGTGGATTGGGGAGATCAATGGTAATAGTGGGAGCACCAACTACAACCCCTCCCTCAAGAGTCGAGTCACCATTTCAAAAGACGCGTCCAAGAACCAGTTCTCCCTGAAGCTGAGCTCTGTGACCGCCGCGGACACGGCCGTGTATTACTGTGCGAAAGA,new_label,,no_match
IGHV-7WXH_S8964,N2W7,CAGGTGCAGCTGCAGGAGTCGGGCCCAGGACTGGTGAAGCCTTCGGAGACCCTGTCCCTCACCTGCGCTGTCTCTGGTGGCTCCATCAGCAGTGGTTATGGCTGGAGCTGGATCCGCCAGCCCCCAGGGAAGGGGCTGGAGTGGATTGGGCATATCTATGGTAGTATTGGGAGCACCTACTACAACCCCTCCCTCAAGAGTCGAGTCACCATTTCAAAAGACACGTCCAAGAACCAGTTCTCCCTGAAGCTGAGCTCTGTGACCGCCGCGGACACGGCCGTGTATTACTGTGCGAGA,none,,matches_other_query
IGHV-DNCX_S1731,NZHW,CAGGTGCAGCTGCAGGAGTCGGGCCCAGGACTGGTGAAGCCTTCGGAGACCCTGTCCCTCACATGCGCTGTCTCTGGTGGCTCTATCAGCAGTAGTAACTGGTGGAGCTGGATCCGCCAGCCCCCAGGGAAAGGGCTGGAGTGGATTGGGTATATCAGTGGTAGTAGTGGTAGCACCTACTACAACCCCTCCCTCAAGAGTCGAGTCACCATTTCAACAGACACGTCCAAGAACCAGTTCTCCCTGAAGCTGAGCTCTGTGACCGCCGCGGACACGGCCGTGTATTACTGTGCGAGAGA,new_label,,no_match
IGHV-FRRC_S2698,ZL7B,CAGCTGCAGCTGCAGGAGTCGGGCCCAGGACTGGTGAAGCCTTCGGAGACCCTGTCTGTCACCTGCGCTGTCTCTGGTGGCTCTATCAGCAGTAGCTACTGGAGCTGGATCCGCCAGGCCCCAGGGAAGGGACTGGAGTGGATTGGGTATATCTATGGTAGTGGTAGTAGCACCAACTACAACCCCTCCCTCAAGAGTCGAGTCACCCTGTCAGTAGACACGTCCAAGAACCAGTTCTCCCTGAAGCTGAGCTCTGTGACCGCCGCGGACACGGCCGTGTATTACTGTGCGAGGGA,new_label,,no_match
IGHV-FRRC_S7561,ZL7B,CAGCTGCAGCTGCAGGAGTCGGGCCCAGGACTGGTGAAGCCTTCGGAGACCCTGTCTGTCACCTGCGCTGTCTCTGGTGGCTCTATCAGCAGTAGCTACTGGAGCTGGATCCGCCAGGCCCCAGGGAAGGGACTGGAGTGGATTGGGTATATCTATGGTAGTGGTAGTAGCACCAACTACAACCCCTCCCTCAAGAGTCGAGTCACCCTGTCAGTAGACACGTCCAAGAACCAGTTCTCCCTGAAGCTGAGCTCTGTGACCGCCGCGGACACGGCCGTGTATTACTGTGCGAGGG,none,,matches_other_query
IGHV-HHZI_S3017,FOCJ,CAGGTGCAGCTACAGGAGTCGGGCCCAGGAGTGGTGAAGCCTTCGGAGACCCTGTCCCTCACCTGCGCTGTCTCTGGTGGCTCCATCAGCAGTTACTGGTGGGGCTGGATCCGCCAGCCCCCAGGGAAGGGACTGGAGTGGATTGGACAGATCTATGGTGGTAGTGGTAGCACCAGCTACAACCCCTCCCTCAAGAGTCGAGTCACCATTTCAAGTGACACGTCCAAGAACCAGTTCTCCCTGAAGCTGAGCTCTGTGACCGCCGCGGACACGGCCGTGTATTACTGTGCGAAAGA,new_label,,no_match
IGHV-IB4X_S8381,NUB6,CAGGTGCAGCTGCAGGAGTCGGGCCCAGGACTGGTGAAGCCTTCGGAGACCCTGTCCCTCACCTGCGCTGTCTCTGGTGGCTCCATCAGCGGTTACTGGTGGGGCTGGATCCGCCAGCCCCCAGGGAAGGGGCTGGAGTGGATTGGGTATATCGGTGGTAGTAGTGGGAGCACCTACTACAACCCCTCCCTCAAGAGTCGAGTCACCATTTCAACAGACACGTCCAAGAACCAGTTCTCCCTGAAGCTGAGCTCTGTGACCGCCGCGGACACGGCCGTGTATTACTGTGCGAGGGA,new_label,,no_match
IGHV-JYZT_S8373,AUFB,CAGGTGCAGCTGCAGGAGTCGGGCCCAGGACTGGTGAAGCCTTTGGAGACCCTGTCCCTCACCTGCGCTGTCTCTGGTGGCTCTATCAGCAGTAACTACTGGAGCTGGATCCGCCAGCCCCCAGGGAAGGGACTGGAGTGGATTGGGTATATCTATGGTAGTGGTAGTAGCACCAACTACAACCCCTCCCTCAAGAGTCGAGTCACCCTGTCAGTAGACACGTCCAAGAACCAGTTCTCCCTGAAGCTGAGCTCTGTGACCGCCGCGGACACGGCCGTGTATTACTGTGCGAGCGA,new_label,,no_match
IGHV-T3SW_S0917,MYHZ,CAGGTGCAGCTGCAGGAGTCGGGCCCAGGACTGGTGAAGCCTTCGGAGACCCTGTCCCTCACCTGCGCTGTCTCTGGTGGCTCCATCAGCAGTAGTAACTGGTGGAGCTGGATCCGCCAGTCCCCAGGGAAGGGGCTGGAGTGGATTGGGTATATCTATGGTGGTAGTGGGAGCACCAGCTACAACCCCTCCCTCAAGAGTCGAGTCACCATTTCAACAGACACGTCCAAGAACCAGTTTTCCCTGAAGCTGAGCTCTGTGACCGCCGCGGACACCGCCGTGTATTACTGTGCGAGACA,new_label,,no_match
IGHV-ZVHA_S1780,A3FG,CAGGTGCAGCTGCAGGAGTCGGGCCCAGCAGTGGTGAAGCCTTCGGAGACCCTGTCCCTCACCTGCGCTGTCTCTGGTGGCTCCATCAGCAGTAGTTACTGGTGGAGCTGGATCCGCCAGTCCCCAGGGAAGGGGCTGGAATGGATTGGGGGTATCTATGGTAGTGGTGGGAGCACCGAATACAACCCCTCCCTCAAGAGTCGAGTCACCATTTCAATAGACACGTCCAAGAACCAGTTCTCCCTGAAGCTGAGCTCTGTGACCGCCGCGGACACCGCCGTGTATTACTGTGCGAGAGA,new_label,,no_match
