gene_label,type,functional,CL_rhgldb,dataset_count (expression_only),total_VDJs (expression_only),total_VDJs (inferred),dataset_count (inferred),curation_notes,include_in_set,inference_type,species_subgroup,subgroup_type,kimdb,rhgldb,imgt,pubid,genbank,alt_names,notes,sequence,sequence_gapped
IGHV-PQR6,IGHV,Y,,,,209,2,same as IGHV1-84*01_S2078 (MT562191) from the KIMDB macaca fascicularis DB,Y,,,,IGHV1-84*01_S2078,,,,MT562191,,,GAGGTCCAGCTGGTGCAGTCTGGGGCTGAGGTGAAGAAGCCTGGGGCCTCCGTGAAAATCTCCTGCAAGGCTTCTGGATACACCTTCACCGACTACTACCTGCACTGGGTGCGACAGGCTCCTGGAAAAGGGCTTGAGTGGATGGGACGTGTTGATCCTGAAGATGGTGAAGCAATACACGCACAGAAGTTCCAGGACAGAGTCACCATCACCGCGGACACGTCTACAGACACAGCCTACATGGAGCTGAGCAGCCTGAGATCTGAGGACACGGCCGTGTATTACTGTGCAAGAGA,GAGGTCCAGCTGGTGCAGTCTGGGGCT...GAGGTGAAGAAGCCTGGGGCCTCCGTGAAAATCTCCTGCAAGGCTTCTGGATACACCTTC............ACCGACTACTACCTGCACTGGGTGCGACAGGCTCCTGGAAAAGGGCTTGAGTGGATGGGACGTGTTGATCCTGAA......GATGGTGAAGCAATACACGCACAGAAGTTCCAG...GACAGAGTCACCATCACCGCGGACACGTCTACAGACACAGCCTACATGGAGCTGAGCAGCCTGAGATCTGAGGACACGGCCGTGTATTACTGTGCAAGAGA
IGHV-SXM7,IGHV,Y,,,,48,3,,Y,,,,,,,,,,,CAGGTGCAGCTGCAGGAGTCGGGCCCAGGACTGGTGAAGCCTTCGGAGACCCTGTCCCTCACCTGCGCTGTCTCTGGTGGCTCCATCAGCGATTACTACTACTGGAACTGGATCCGCCAACCCCCAGGGAAGGGGCTGGAGTGGATTGGGAATATCTATGGTAATAGTGCGAGCACCTACTACAACCCCTCCCTCAAGAGTCGAGTCACCATTTCAAAAGACACGTCCAAGAACCAGTTCTCCCTGAAGCTGAGCTCTGTGACCGCCGCGGACACGGCCGTGTATTACTGTGCGAGAGA,CAGGTGCAGCTGCAGGAGTCGGGCCCA...GGACTGGTGAAGCCTTCGGAGACCCTGTCCCTCACCTGCGCTGTCTCTGGTGGCTCCATCAGC.........GATTACTACTACTGGAACTGGATCCGCCAACCCCCAGGGAAGGGGCTGGAGTGGATTGGGAATATCTATGGTAAT......AGTGCGAGCACCTACTACAACCCCTCCCTCAAG...AGTCGAGTCACCATTTCAAAAGACACGTCCAAGAACCAGTTCTCCCTGAAGCTGAGCTCTGTGACCGCCGCGGACACGGCCGTGTATTACTGTGCGAGAGA
IGHV-6IC3,IGHV,Y,,,,140,3,contains VH3_4F_F130 (KU592983) and VH3_4F_F124 (KU592900),Y,,,,,,,,,,,GAGGTGCAGCTGGTGGAGTCTGGGGGCGGCTTGGCAAAGCCTGGGGGGTCCCTGAGACTCTCCTGCGCAGCCTCTGGATTCACCTTCAGTGACTACTACATGCACTGGGTCCGCCAGGCTTCAGGGAAGGGGCTGGAGTGGGTCTCACGTATTAGTAATGGTGGTGGTAGCACATGGTACGCAGACTCCGTGAAGGGCAGATTCACCATCTCCAGAGAGAACGCCAAGAACACACTGTATCTTCAAATGAACAGCCTGAGAGCTGAGGACACGGCTGTCTATTACTGTGCGAGAGA,GAGGTGCAGCTGGTGGAGTCTGGGGGC...GGCTTGGCAAAGCCTGGGGGGTCCCTGAGACTCTCCTGCGCAGCCTCTGGATTCACCTTC............AGTGACTACTACATGCACTGGGTCCGCCAGGCTTCAGGGAAGGGGCTGGAGTGGGTCTCACGTATTAGTAATGGT......GGTGGTAGCACATGGTACGCAGACTCCGTGAAG...GGCAGATTCACCATCTCCAGAGAGAACGCCAAGAACACACTGTATCTTCAAATGAACAGCCTGAGAGCTGAGGACACGGCTGTCTATTACTGTGCGAGAGA
IGHV-4FCM,IGHV,Y,,,,609,5,,Y,,,,,,,,,,,CAGGTGCAGCTGCAGGAGTCGGGCCCAGGACTGGTGAAGCCTTCGGAGACCCTGTCCCTCACCTGCGCTGTCTCTGGTGGCTCCATCAGCAGTAGCTACTGGAGCTGGATCCGCCAGCCCCCAGGGAAGGGACTGGAGTGGATTGGGTATATCTATGGTGGTAGTGGGAGCACCAGCTACAACCCCTCCCTCAAGAGTCGAGTCACCATTTCAACAGACACGTCCAAGAACCAGTTTTCCCTGAAGCTGAGCTCTGTGACCGCCGCGGACACCGCCGTGTATTACTGTGCGAGATA,CAGGTGCAGCTGCAGGAGTCGGGCCCA...GGACTGGTGAAGCCTTCGGAGACCCTGTCCCTCACCTGCGCTGTCTCTGGTGGCTCCATC............AGCAGTAGCTACTGGAGCTGGATCCGCCAGCCCCCAGGGAAGGGACTGGAGTGGATTGGGTATATCTATGGTGGT......AGTGGGAGCACCAGCTACAACCCCTCCCTCAAG...AGTCGAGTCACCATTTCAACAGACACGTCCAAGAACCAGTTTTCCCTGAAGCTGAGCTCTGTGACCGCCGCGGACACCGCCGTGTATTACTGTGCGAGATA
IGHV-Y3S7,IGHV,Y,,,,32,6,,Y,,,,,,,,,,,GAGGTGCAGCTGGTGGAGTCTGGGGGAGGCTTGGTCCAGCCTGGAGGGTCCCTGAGACTCTCCTGTGCAGCCTCTGGATTCACCTTCAGTAGTTACGACATGAGCTGGGTCCGCCAGGCTCCGGGAAAGGGGCTGGAGTGGGTCTCATATATTAGTTACACTGGTAAAACCATATACTACGCTGACTCCGTGAAGGGCCGATTCACCATCTCCAGAGACAACGCCAAGAACTCGCTGTCTCTGCAAATGAGCAGCCTGAGAGCCGAGGACACGGCCGTGTATTACTGTGCTAGAGA,GAGGTGCAGCTGGTGGAGTCTGGGGGA...GGCTTGGTCCAGCCTGGAGGGTCCCTGAGACTCTCCTGTGCAGCCTCTGGATTCACCTTC............AGTAGTTACGACATGAGCTGGGTCCGCCAGGCTCCGGGAAAGGGGCTGGAGTGGGTCTCATATATTAGTTACACT......GGTAAAACCATATACTACGCTGACTCCGTGAAG...GGCCGATTCACCATCTCCAGAGACAACGCCAAGAACTCGCTGTCTCTGCAAATGAGCAGCCTGAGAGCCGAGGACACGGCCGTGTATTACTGTGCTAGAGA
IGHV-N2W7,IGHV,Y,,,,3728,12,same as IGHV4-NL_21*01_S3442 (MT562793) from the KIMDB macaca fascicularis DB,Y,,,,,,,,,,,CAGGTGCAGCTGCAGGAGTCGGGCCCAGGACTGGTGAAGCCTTCGGAGACCCTGTCCCTCACCTGCGCTGTCTCTGGTGGCTCCATCAGCAGTGGTTATGGCTGGAGCTGGATCCGCCAGCCCCCAGGGAAGGGGCTGGAGTGGATTGGGCATATCTATGGTAGTATTGGGAGCACCTACTACAACCCCTCCCTCAAGAGTCGAGTCACCATTTCAAAAGACACGTCCAAGAACCAGTTCTCCCTGAAGCTGAGCTCTGTGACCGCCGCGGACACGGCCGTGTATTACTGTGCGAGAGA,CAGGTGCAGCTGCAGGAGTCGGGCCCA...GGACTGGTGAAGCCTTCGGAGACCCTGTCCCTCACCTGCGCTGTCTCTGGTGGCTCCATCAGC.........AGTGGTTATGGCTGGAGCTGGATCCGCCAGCCCCCAGGGAAGGGGCTGGAGTGGATTGGGCATATCTATGGTAGT......ATTGGGAGCACCTACTACAACCCCTCCCTCAAG...AGTCGAGTCACCATTTCAAAAGACACGTCCAAGAACCAGTTCTCCCTGAAGCTGAGCTCTGTGACCGCCGCGGACACGGCCGTGTATTACTGTGCGAGAGA
IGHV-ILAW,IGHV,Y,,,,674,9,same as IGHV4-NL_24*01_S3447 (MT562273) from the KIMDB macaca fascicularis DB,Y,,,,,,,,,,,CAGCTGCAGCTGCAGGAGTCGGGCCCAGGACTGGTGAAGCCTTCCGAGACCCTGTCCCTCACCTGCGCTGTCTCAGGTGGCTCCATCAGCGGTGGTTATGGCTGGAGCTGGATCCGCCAGCCCCCAGGGAAGGGGGTGGAGTGGATTGGGCATATCTTTGGTAGTATTGGGAGCACCTACTACAACCCCTCCCTCAAGAGTCGAGCCACCATTTCAAGAGACACGTCCAAGAACCAGTTCTCCCTGAAGCTGAGCTCTGTGACCGCCGCGGACACGGCCGTGTATTACTGTGCGAGAGA,CAGCTGCAGCTGCAGGAGTCGGGCCCA...GGACTGGTGAAGCCTTCCGAGACCCTGTCCCTCACCTGCGCTGTCTCAGGTGGCTCCATCAGC.........GGTGGTTATGGCTGGAGCTGGATCCGCCAGCCCCCAGGGAAGGGGGTGGAGTGGATTGGGCATATCTTTGGTAGT......ATTGGGAGCACCTACTACAACCCCTCCCTCAAG...AGTCGAGCCACCATTTCAAGAGACACGTCCAAGAACCAGTTCTCCCTGAAGCTGAGCTCTGTGACCGCCGCGGACACGGCCGTGTATTACTGTGCGAGAGA
IGHV-2WWR,IGHV,Y,,,,1055,5,,Y,,,,,,,,,,,CAGCTGCAGCTGCAGGAGTCGGGCCCAGGACTGGTGAAGCCTTCGGAGACCCTGTCCCTCACCTGCGCTGTCTCTGGTGGCTCTGTCAGCAGTAGTAACTGGTGGAGCTGGATCCGCCAACCCCCAGGGAAGGGACTGGAGTGGATTGGACGTATCTCTGGTAGTGGTGGGAGCACCAGCTACAACCCCTCCCTCACGAGTCGAGTCACCATTTCAACAGACACGTCCAAGAACCAGTTCTCCCTAAAGGTGAGCTCTGTGACCGCCGCGGACACGGCCGTGTATTACTGTGCGAGAGA,CAGCTGCAGCTGCAGGAGTCGGGCCCA...GGACTGGTGAAGCCTTCGGAGACCCTGTCCCTCACCTGCGCTGTCTCTGGTGGCTCTGTCAGC.........AGTAGTAACTGGTGGAGCTGGATCCGCCAACCCCCAGGGAAGGGACTGGAGTGGATTGGACGTATCTCTGGTAGT......GGTGGGAGCACCAGCTACAACCCCTCCCTCACG...AGTCGAGTCACCATTTCAACAGACACGTCCAAGAACCAGTTCTCCCTAAAGGTGAGCTCTGTGACCGCCGCGGACACGGCCGTGTATTACTGTGCGAGAGA
IGHV-Q2NF,IGHV,Y,,,,1067,10,,Y,,,,,,,,,,,CAGCTGCAGCTGCAGGAGTCGGGCCCAGGACTGGTGAAGCCTTCGGAGACCCTGTCCCTCACCTGCGCTGTCTCTGGTGGCTCTGTCAGCAGTAGTAACTGGTGGAGCTGGATCCGCCAACCCCCAGGGAAGGGACTGGAGTGGATTGGACGTATCTCTGGTAGTGGTGGGAGCACCAGCTACAACCCCTCCCTCACGAGTCGAGTCACCATTTCAACAGACACGTCCAAGAACCAGTTCTCCCTAAAGGTGAGCTCTGTGATCGCCGCGGACACGGCCGTGTATTACTGTGCGAGAGA,CAGCTGCAGCTGCAGGAGTCGGGCCCA...GGACTGGTGAAGCCTTCGGAGACCCTGTCCCTCACCTGCGCTGTCTCTGGTGGCTCTGTCAGC.........AGTAGTAACTGGTGGAGCTGGATCCGCCAACCCCCAGGGAAGGGACTGGAGTGGATTGGACGTATCTCTGGTAGT......GGTGGGAGCACCAGCTACAACCCCTCCCTCACG...AGTCGAGTCACCATTTCAACAGACACGTCCAAGAACCAGTTCTCCCTAAAGGTGAGCTCTGTGATCGCCGCGGACACGGCCGTGTATTACTGTGCGAGAGA
IGHV-KUGZ,IGHV,Y,,,,99,4,,Y,,,,,,,,,,,GAGGTGCAGCTGGTGCAGTCTGGAGCAGAGGTGAAAAGGCCCGGGGAGTCTCTGAAGATCTCCTGTAAGACTTCTGGATACAGCTTTACCAGCTACTGGATCAGCTGGGTGCGCCAGATGCCCGGGAAAGGCCTGGAGTGGATGGGGGCGATTGATCCTAGTGATTCTGATACCAGATACAGCCCGTCCTTCCAAGGCCAGGTCACCATCTCAGCCGACAAGTCCATCAGCACCGCCTACCTGCAGTGGAGCAGCCTGAAGGCCTCGGACGCCGCCACGTATTACTGTGCGAAAGA,GAGGTGCAGCTGGTGCAGTCTGGAGCA...GAGGTGAAAAGGCCCGGGGAGTCTCTGAAGATCTCCTGTAAGACTTCTGGATACAGCTTT............ACCAGCTACTGGATCAGCTGGGTGCGCCAGATGCCCGGGAAAGGCCTGGAGTGGATGGGGGCGATTGATCCTAGT......GATTCTGATACCAGATACAGCCCGTCCTTCCAA...GGCCAGGTCACCATCTCAGCCGACAAGTCCATCAGCACCGCCTACCTGCAGTGGAGCAGCCTGAAGGCCTCGGACGCCGCCACGTATTACTGTGCGAAAGA
IGHV-YKTZ,IGHV,Y,,,,983,2,contains VH4_1H_F133 (KU593131) and VH4_1H_F130 (KU592989),Y,,,,,,,,,,,CAGGTGCAGCTGCAGGAGTCGGGCCCAGGACTGGTGAAGCCTTCGGAGACCCTGTCCCTCACCTGCGCTGTCTCTGGTTACTCCATCAGCAGTGGTTACTACTGGGGCTGGATCCGCCAGCCCCCAGGGAAGGGGCTGGAGTGGATTGGGAGTATCTATGGTAGTGGTGGGAGCAACTACCTTAACCCGTCCCTCAAGAGTCGAGTCACCCTGTCAGTAGACACGTCCAAGAACCAGTTCTCCCTGAAGCTGAGCTCTGTGACCGCCGCGGACACGGCGGTGTATTACTGTGCGAGAGA,CAGGTGCAGCTGCAGGAGTCGGGCCCA...GGACTGGTGAAGCCTTCGGAGACCCTGTCCCTCACCTGCGCTGTCTCTGGTTACTCCATCAGC.........AGTGGTTACTACTGGGGCTGGATCCGCCAGCCCCCAGGGAAGGGGCTGGAGTGGATTGGGAGTATCTATGGTAGT......GGTGGGAGCAACTACCTTAACCCGTCCCTCAAG...AGTCGAGTCACCCTGTCAGTAGACACGTCCAAGAACCAGTTCTCCCTGAAGCTGAGCTCTGTGACCGCCGCGGACACGGCGGTGTATTACTGTGCGAGAGA
IGHV-X5G2,IGHV,Y,,,,34,2,,Y,,,,,,,,,,,CAGGTGCAGCTGCAGGAGTCGGGCCCAGGACTGGTGAAGCCTTCGGAGACCCTGTCCCTCACCTGCGCTGTCTCTGGTGGCTCCATCAGTAGTAACTGGTGGAGCTGGATCCGCCAGCCCCCAGGGAAGGGACTGGAGTGGATTGGACGTATCTCTGGTAGTGGTGGGAGCACCAGCTACAACCCCTCCCTCAAGAGTCGAGTCACCATTTCAACAGACACGTCCAAGAACCAGTTCTCCCTGAAGCTGAGCTCTGTGACCGCCGCGGACACGGCCGTGTATTACTGTGCGAGAGA,CAGGTGCAGCTGCAGGAGTCGGGCCCA...GGACTGGTGAAGCCTTCGGAGACCCTGTCCCTCACCTGCGCTGTCTCTGGTGGCTCCATC............AGTAGTAACTGGTGGAGCTGGATCCGCCAGCCCCCAGGGAAGGGACTGGAGTGGATTGGACGTATCTCTGGTAGT......GGTGGGAGCACCAGCTACAACCCCTCCCTCAAG...AGTCGAGTCACCATTTCAACAGACACGTCCAAGAACCAGTTCTCCCTGAAGCTGAGCTCTGTGACCGCCGCGGACACGGCCGTGTATTACTGTGCGAGAGA
IGHV-YHQN,IGHV,Y,,,,332,5,,Y,,,,,,,,,,,GAGGTGCAGCTGGTGGAGTCTGGGGGCGGCTTGGCAAAGCCTGGGGGGTCCCTGAGACTCTCCTGCGCAGCCTCCGGATTCACCTTCAGTGACTACTACATGGACTGGGTCCGCCAGGCTCCAGGGAAGGGGCTGGAGTGGGTCTCACGTATTAGTAATGGTGGTGGTAGCACATGGTACGCAGACTCCGTGAAGGGCAGATTCACCATCTCCAGAGAGAACGCCAAGAACACACTGTATCTTCAAATGAACAGCCTGAGAGCTGAGGACAAGGCTGTCTATTACTGTGCGAGAGA,GAGGTGCAGCTGGTGGAGTCTGGGGGC...GGCTTGGCAAAGCCTGGGGGGTCCCTGAGACTCTCCTGCGCAGCCTCCGGATTCACCTTC............AGTGACTACTACATGGACTGGGTCCGCCAGGCTCCAGGGAAGGGGCTGGAGTGGGTCTCACGTATTAGTAATGGT......GGTGGTAGCACATGGTACGCAGACTCCGTGAAG...GGCAGATTCACCATCTCCAGAGAGAACGCCAAGAACACACTGTATCTTCAAATGAACAGCCTGAGAGCTGAGGACAAGGCTGTCTATTACTGTGCGAGAGA
IGHV-DNBK,IGHV,Y,,,,251,3,contains VH3_4H_F130 (KU592984) and VH3_4H_F124 (KU592902),Y,,,,,,,,,,,GAAGTGCAGCTGGTGGAGTCTGGGGGAGGCGTGGTACAGCCTGGGGGGTCCCTGAGACTCTCGTGTGCAGCCTCTGGATTCACCTTTGATGATTACGCCATGCACTGGGTCCGCCAAGCTCCAGGGAAGGGTCTGGAGTGGGTCTCTGGTATTAGTTGGAGTGGTGGTAGCACATACTATGCAGACTCCGTCAAGGGCCAATTCACCATCTCCAGAGACAACGCCAAGAACTCCCTGTATCTGCAAATGGGCAGCCTGAGAGCTGAGGACACCGCCTTGTATTACTGTGCGAGAGATA,GAAGTGCAGCTGGTGGAGTCTGGGGGA...GGCGTGGTACAGCCTGGGGGGTCCCTGAGACTCTCGTGTGCAGCCTCTGGATTCACCTTT............GATGATTACGCCATGCACTGGGTCCGCCAAGCTCCAGGGAAGGGTCTGGAGTGGGTCTCTGGTATTAGTTGGAGT......GGTGGTAGCACATACTATGCAGACTCCGTCAAG...GGCCAATTCACCATCTCCAGAGACAACGCCAAGAACTCCCTGTATCTGCAAATGGGCAGCCTGAGAGCTGAGGACACCGCCTTGTATTACTGTGCGAGAGATA
IGHV-GQ7C,IGHV,Y,,,,1773,6,,Y,,,,,,,,,,,CAGGTGCAGCTGCAGGAGTCGGGCCCAGGAGTGGTGAAGCCTTCGGAGACCCTGTCCCTCACCTGCGCTGTCTCTGGTGGCTCCATCAGCAGTGGTTACTACTACTGGAGCTGGATCCGCCAGCCCCCAGGGAAGGGGCTGGAGTGGATTGGGGGTATCTATAGTAATAGTGAGAGTACCAACTACAACCCCTCCCTCAAGAGTCGAGTCACCATTTCAAAAGACACGTCCAAGAACCAGTTTTCCCTGAAGCTGAGCTCTGTGACCGCAGCGGACACGGCCGTGTATTACTGTGCGAGAGA,CAGGTGCAGCTGCAGGAGTCGGGCCCA...GGAGTGGTGAAGCCTTCGGAGACCCTGTCCCTCACCTGCGCTGTCTCTGGTGGCTCCATCAGC......AGTGGTTACTACTACTGGAGCTGGATCCGCCAGCCCCCAGGGAAGGGGCTGGAGTGGATTGGGGGTATCTATAGTAAT......AGTGAGAGTACCAACTACAACCCCTCCCTCAAG...AGTCGAGTCACCATTTCAAAAGACACGTCCAAGAACCAGTTTTCCCTGAAGCTGAGCTCTGTGACCGCAGCGGACACGGCCGTGTATTACTGTGCGAGAGA
IGHV-H5CA,IGHV,Y,,,,6467,10,,Y,,,,,,,,,,,CAGCTGCAGCTGCAGGAGTCGGGCCCAGGACTGGTGAAGCCTTTGGAGACCCTGTCCCTCACCTGCGCTGTCTCTGGTGGCTCCATCAGCAGTAACTACTGGAGCTGGATCCGCCAGGCCCCAGGGAAGGGACTGGAGTGGATTGGACGTATCTCTGGTAGTGGTGGGAGCACCGACTACAACCCCTCCCTCAAGAGTCGAGTCACCATTTCAACAGACACGTCCAAGAACCAGTTCTCCCTGAAGCTGAGCTCTGTGACCGCCGCGGACACGGCCGTGTATTACTGTGCGAGAGA,CAGCTGCAGCTGCAGGAGTCGGGCCCA...GGACTGGTGAAGCCTTTGGAGACCCTGTCCCTCACCTGCGCTGTCTCTGGTGGCTCCATC............AGCAGTAACTACTGGAGCTGGATCCGCCAGGCCCCAGGGAAGGGACTGGAGTGGATTGGACGTATCTCTGGTAGT......GGTGGGAGCACCGACTACAACCCCTCCCTCAAG...AGTCGAGTCACCATTTCAACAGACACGTCCAAGAACCAGTTCTCCCTGAAGCTGAGCTCTGTGACCGCCGCGGACACGGCCGTGTATTACTGTGCGAGAGA
IGHV-CUK5,IGHV,Y,,,,30,3,,Y,,,,,,,,,,,CAGGTGACCTTGAAGGAGTCTGGTCCTGCGCTGGTGAAACCCACACAGACCCTCACGCTGACCTGCACCTTCTCTGGGTTCTCACTCAGCACTAGTGGTATGGGTGTGGGCTGGATCCGTCAGCCCCCAGGGAAGGCCCTGGAATGGCTTGCAAGCATTTATTGGGATGATGATAAATACTACAGCACATCCCTGAAGAGCAGGCTCACCATCTCCAAGGACACCTCCAAAAACCAGGTGGTTCTAACAATGACCAACATGGACCCTGTGGACACAGCCACATATTACTGTGCACGGGTAC,CAGGTGACCTTGAAGGAGTCTGGTCCT...GCGCTGGTGAAACCCACACAGACCCTCACGCTGACCTGCACCTTCTCTGGGTTCTCACTCAGC......ACTAGTGGTATGGGTGTGGGCTGGATCCGTCAGCCCCCAGGGAAGGCCCTGGAATGGCTTGCAAGCATTTATTGGGAT.........GATGATAAATACTACAGCACATCCCTGAAG...AGCAGGCTCACCATCTCCAAGGACACCTCCAAAAACCAGGTGGTTCTAACAATGACCAACATGGACCCTGTGGACACAGCCACATATTACTGTGCACGGGTAC
IGHV-NNME,IGHV,Y,,,,541,5,,Y,,,,,,,,,,,CAGGTGCAGCTGCAGGAGTCGGGCCCAGGACTGGTGAAGCCTTCGGAGACCCTGTCCCTCACCTGCGCTGTCTCTGGTTACTCCATCAGCAGTAACTACTGGAGCTGGATCCGCCAGCCCCCAGGGAAGGGACTGGAGTGGATTGGGTATATCTATGGTAGTAGTGGGAGCACCTACTACAACCCCTCCCTCAAGAGTCGAGTCACCATTTCAACAGACACGTCCAAGAACCAGTTCTCCCTGAAGCTGAGCTCTGTGACCGCCGCGGACACGGCCGTGTATTACTGTGCGAGATA,CAGGTGCAGCTGCAGGAGTCGGGCCCA...GGACTGGTGAAGCCTTCGGAGACCCTGTCCCTCACCTGCGCTGTCTCTGGTTACTCCATC............AGCAGTAACTACTGGAGCTGGATCCGCCAGCCCCCAGGGAAGGGACTGGAGTGGATTGGGTATATCTATGGTAGT......AGTGGGAGCACCTACTACAACCCCTCCCTCAAG...AGTCGAGTCACCATTTCAACAGACACGTCCAAGAACCAGTTCTCCCTGAAGCTGAGCTCTGTGACCGCCGCGGACACGGCCGTGTATTACTGTGCGAGATA
IGHV-VMCE,IGHV,Y,,,,425,3,same as VH3_1S_F124 (KU592883) and as IGHV3-73*01_S8108 (MT562922) from the KIMDB macaca fascicularis DB,Y,,,,,,,,,,,GACGTGCAGCTGGTGGAGTCTGGGGGAGGCTTGGTAAAGCCTGGGGGGTCCCTGAGACTCTCTTGTGTAGCCTCTGGGTTCACCTTCAGTAGCTACGAAATGCACTGGGTCCGCCAGGCTCCAGGAAAGGGTCTGGAGTGGGTCTCAGTTATTAGTGAAAGTGGTGGTACCATATACTACGCAGACTCTGTGAAGGGCCGATTCACCATCTCCAGAGACAACGCCAAGAACTCACTGTTTCTGCAAATGAACAGCCTGAGAGCCGAGGACACGGCCGTGTATTACTGTACTAGAGA,GACGTGCAGCTGGTGGAGTCTGGGGGA...GGCTTGGTAAAGCCTGGGGGGTCCCTGAGACTCTCTTGTGTAGCCTCTGGGTTCACCTTC............AGTAGCTACGAAATGCACTGGGTCCGCCAGGCTCCAGGAAAGGGTCTGGAGTGGGTCTCAGTTATTAGTGAAAGT......GGTGGTACCATATACTACGCAGACTCTGTGAAG...GGCCGATTCACCATCTCCAGAGACAACGCCAAGAACTCACTGTTTCTGCAAATGAACAGCCTGAGAGCCGAGGACACGGCCGTGTATTACTGTACTAGAGA
IGHV-OOUY,IGHV,Y,,,,226,2,same as IGHV3-5*01_S1720 (MT562339) from the KIMDB macaca fascicularis DB,Y,,,,,,,,,,,GAGGTGCAGCTGGTGGAGTCTGGGGGAGGCTTGGTACAGCCTGGGGGGTCCCTGAGACTCTCTTGTACAGGCTCTGGATTCACCTTCAGTAGCTACTACATGTACTGGATCCGCCAGGCTCCGGGGAAGGGGCTGCAGTGGGTCTCAGCTATTAATACTGGTGGGGGTAGCACATGGTACACAGACTCCGTGAAGGGCAGATTCACCATCTCCAAAGAGAATGCCAAGAACACACTGTATCTTCAAATGAACAGCCTGAGAGCCGAGGACACGGCTGTCTATTACTGTGCGAAAGACA,GAGGTGCAGCTGGTGGAGTCTGGGGGA...GGCTTGGTACAGCCTGGGGGGTCCCTGAGACTCTCTTGTACAGGCTCTGGATTCACCTTC............AGTAGCTACTACATGTACTGGATCCGCCAGGCTCCGGGGAAGGGGCTGCAGTGGGTCTCAGCTATTAATACTGGT......GGGGGTAGCACATGGTACACAGACTCCGTGAAG...GGCAGATTCACCATCTCCAAAGAGAATGCCAAGAACACACTGTATCTTCAAATGAACAGCCTGAGAGCCGAGGACACGGCTGTCTATTACTGTGCGAAAGACA
IGHV-SJYE,IGHV,Y,,,,934,7,,Y,,,,,,,,,,,CAGGTGCAGCTGCAGGAGTCGGGCCCAGGACTGGTGAAGCCTTCAGAGACCCTGTCCCTCACCTGCGCTGTCTCTGGAGGCTCTATCAGCAGTGGTTATGACTGGAGCTGGATCCGCCAGGCCCCAGGGAAGGGGCTGGAGTGGATTGGGTATATCTATGGTAGTAGTGGGAGCACCAACTACAACCCGTCCCTCAAGAATCGAGTCACCATTTCAAAAGACGCGTCCAAGAACCAGTTCTCCCTGAAGCTGAGCTCTGTGACCGCCGCGGACACGGCCGTGTATTACTGTGCGAGAGA,CAGGTGCAGCTGCAGGAGTCGGGCCCA...GGACTGGTGAAGCCTTCAGAGACCCTGTCCCTCACCTGCGCTGTCTCTGGAGGCTCTATCAGC.........AGTGGTTATGACTGGAGCTGGATCCGCCAGGCCCCAGGGAAGGGGCTGGAGTGGATTGGGTATATCTATGGTAGT......AGTGGGAGCACCAACTACAACCCGTCCCTCAAG...AATCGAGTCACCATTTCAAAAGACGCGTCCAAGAACCAGTTCTCCCTGAAGCTGAGCTCTGTGACCGCCGCGGACACGGCCGTGTATTACTGTGCGAGAGA
IGHV-IZD6,IGHV,Y,,,,269,2,,Y,,,,,,,,,,,CAGGTGCAGCTGCAGGAGTCGGGCCCAGGACTGGTGAAGCCTTCGGAGACCCTGTCCCTCACCTGCGCTGTCTCTGGTGGCTCCATCAGCGGTTACTACTGGAGCTGGATCCGCCAGCCCCCAGGGAAGGGGCTGGAGTGGATTGGGTATATCGGTGGTAGTAGTGGTAGCACCAACTACAACCCCTCCCTCAAGAGTCGAGTCACCATTTCAAAAGACACGTCCAAGAACCAGTTCTCCCTGAAGCTGAGCTCTGTGACCGCCGCGGACACGGCCGTGTATTACTGTGCGAGAGA,CAGGTGCAGCTGCAGGAGTCGGGCCCA...GGACTGGTGAAGCCTTCGGAGACCCTGTCCCTCACCTGCGCTGTCTCTGGTGGCTCCATC............AGCGGTTACTACTGGAGCTGGATCCGCCAGCCCCCAGGGAAGGGGCTGGAGTGGATTGGGTATATCGGTGGTAGT......AGTGGTAGCACCAACTACAACCCCTCCCTCAAG...AGTCGAGTCACCATTTCAAAAGACACGTCCAAGAACCAGTTCTCCCTGAAGCTGAGCTCTGTGACCGCCGCGGACACGGCCGTGTATTACTGTGCGAGAGA
IGHV-BXAH,IGHV,Y,,,,161,3,,Y,,,,,,,,,,,GAGGTGCAGCTGGTGGAGTCTGGGGGAGGCTTGCTAAAGCCTGGGGGGTCCCTGAGACTCTCCTGTGTAGCCTCTGGGTTCACCTTCAGTAGCTACGAAATGCACTGGGTCCGCCAGGCTCCAGGAAAGGGTCTGGAGTGGGTCTCAGTTATTAGTGAAAGTGGTGGTACCACATACTACGCAGACTCCGTGAAGGGCCGATTCACCATCTCCAGAGACAACGCCAAGAACTCACTGTTTCTGCAAATGAACAGCCTGAGAGCCGAGGACACGGCCGTGTATTACTGTACTAGAGA,GAGGTGCAGCTGGTGGAGTCTGGGGGA...GGCTTGCTAAAGCCTGGGGGGTCCCTGAGACTCTCCTGTGTAGCCTCTGGGTTCACCTTC............AGTAGCTACGAAATGCACTGGGTCCGCCAGGCTCCAGGAAAGGGTCTGGAGTGGGTCTCAGTTATTAGTGAAAGT......GGTGGTACCACATACTACGCAGACTCCGTGAAG...GGCCGATTCACCATCTCCAGAGACAACGCCAAGAACTCACTGTTTCTGCAAATGAACAGCCTGAGAGCCGAGGACACGGCCGTGTATTACTGTACTAGAGA
IGHV-TLLE,IGHV,Y,,,,448,5,contains VH2.12_S4112 (KU593224) and VH2_1G*_F132 (KU593037),Y,,,,,,,,,,,CAGGTCACCTTGAAGGAGTCTGGTCCTGCGCTCGTGAAACCCACACAGACCCTCACGCTGACCTGCACCTTCTCTGGGTTCTCAATCAGCACTACTGGAACAGGTGTGGGCTGGATCCGTCAGCCCCCAGGGAAGGCCCTGGAATGGCTTGCAAGCATTTATTGGAATGATAGTAAATACTACAGCACATCGCTGAAGAGCAGGCTCACCATCTCCAAGGACACCTCCAAAAACCAGGTGGTTCTAACAATGACCAACATGGACCCTGTGGACACAGCCACATATTACTGTGCACGGATAC,CAGGTCACCTTGAAGGAGTCTGGTCCT...GCGCTCGTGAAACCCACACAGACCCTCACGCTGACCTGCACCTTCTCTGGGTTCTCAATCAGC......ACTACTGGAACAGGTGTGGGCTGGATCCGTCAGCCCCCAGGGAAGGCCCTGGAATGGCTTGCAAGCATTTATTGGAAT.........GATAGTAAATACTACAGCACATCGCTGAAG...AGCAGGCTCACCATCTCCAAGGACACCTCCAAAAACCAGGTGGTTCTAACAATGACCAACATGGACCCTGTGGACACAGCCACATATTACTGTGCACGGATAC
IGHV-4PJH,IGHV,Y,,,,129,2,,Y,,,,,,,,,,,GAGGTGCAGCTGGTGGAGTCTGGGGGAGGCCTGGCAAAGCCTGGGGGGTCCCTGAGACTCTCCTGCGCAGCCTCTGGATTCACCTTCAGTGACTACTACATGGACTGGGTCCGCCAGGCTTCAGGGAAGGGGCTGGAGTGGGTCTCACGTATTAGTAATGGTGGTGGTAGCACATGGTACGCAGACTCCGTGAAGGGCAGATTCACCATCTCCAGAGAGAACGCCAAGAACACACTGTATCTTCAAATGGACGGCCTGAGAGCTGAGGACACGGCTGTCTATTACTGTGCGAGAGA,GAGGTGCAGCTGGTGGAGTCTGGGGGA...GGCCTGGCAAAGCCTGGGGGGTCCCTGAGACTCTCCTGCGCAGCCTCTGGATTCACCTTC............AGTGACTACTACATGGACTGGGTCCGCCAGGCTTCAGGGAAGGGGCTGGAGTGGGTCTCACGTATTAGTAATGGT......GGTGGTAGCACATGGTACGCAGACTCCGTGAAG...GGCAGATTCACCATCTCCAGAGAGAACGCCAAGAACACACTGTATCTTCAAATGGACGGCCTGAGAGCTGAGGACACGGCTGTCTATTACTGTGCGAGAGA
IGHV-RSQ5,IGHV,Y,,,,43,2,same as IGHV3-76*01_S9591 (MT562201) from the KIMDB macaca fascicularis DB,Y,,,,,,,,,,,GAGGTGCAGCTGGTGGAGTCTGGGGGCGGCTTGGCAAAGCCTGGGGGATCCCTGAGACTCTCCTGTGCAGCCTCCGGATTCACCTTCAGTAACTACTGGATGAACTGGGTCCGCCAGGCTCCAGGGAAGGGGCTGGAGTGGATCTCAGCTATCAATAGTGGTGGGGGTAGCACATACTACGCAGACTCCGTGAAGGGCCGATTCACCATCTCCAGAGACAACTCAAAGAACACGCTCTCCCTGCAAATGAACAGCCTGAGAGCTGAGGACACGGCCGTGTATTACTGTGCGAGAGA,GAGGTGCAGCTGGTGGAGTCTGGGGGC...GGCTTGGCAAAGCCTGGGGGATCCCTGAGACTCTCCTGTGCAGCCTCCGGATTCACCTTC............AGTAACTACTGGATGAACTGGGTCCGCCAGGCTCCAGGGAAGGGGCTGGAGTGGATCTCAGCTATCAATAGTGGT......GGGGGTAGCACATACTACGCAGACTCCGTGAAG...GGCCGATTCACCATCTCCAGAGACAACTCAAAGAACACGCTCTCCCTGCAAATGAACAGCCTGAGAGCTGAGGACACGGCCGTGTATTACTGTGCGAGAGA
IGHV-IP2O,IGHV,Y,,,,5002,12,3-prime variant of IGHV-43MS,N,,,,,,,,,,,CAGGTGCAGCTGCAGGAGTCGGGCCCAGGACTGGTGAAGCCTTCGGAGACCCTGTCCCTCACCTGCGCTGTCTCTGGTGGCTCTATCAGCAGTAGTTACTACTACTGGAGCTGGATCCGCCAGGCCCCAGGGAAGGGACTGGAGTGGATTGGGTATATCTATGGTGGTAGTGGGAGCACCAGCTACAACCCGTCCCTCAAGAGTCGAGTCACCATTTCAATAGACACGTCCAAGAACCAGTTCTCCCTGAAGCTGAGCTCTGTGACCGCCGCGGACACGGCCGTGTATTACTGTGCGAGATA,CAGGTGCAGCTGCAGGAGTCGGGCCCA...GGACTGGTGAAGCCTTCGGAGACCCTGTCCCTCACCTGCGCTGTCTCTGGTGGCTCTATCAGC......AGTAGTTACTACTACTGGAGCTGGATCCGCCAGGCCCCAGGGAAGGGACTGGAGTGGATTGGGTATATCTATGGTGGT......AGTGGGAGCACCAGCTACAACCCGTCCCTCAAG...AGTCGAGTCACCATTTCAATAGACACGTCCAAGAACCAGTTCTCCCTGAAGCTGAGCTCTGTGACCGCCGCGGACACGGCCGTGTATTACTGTGCGAGATA
IGHV-7SKR,IGHV,Y,,,,362,2,3-prime variant of IGHV-D56D,N,,,,,,,,,,,GAGGTGCAGCTGGTGGAGTCCGGGGGAGGCTTGGTCCAGCCTGGCGGGTCCCTGAGACTCTCCTGTGCAGCCTCTGGATTCACCTTCAGTGATTATGCTATGGACTGGGTCCGCCAGGCTCCAGGAAAGGGGCTGGAGTGGGTGGGTTTCATTAGAAGCAAAGCTTATGGTGGGACAGCAGAATACGCCGCGTCTGTGAAAGGCAGATTCACCATCTCCAGAGATGATTCAAAGAACACGGCGTATCTGCAAATGAGCAGCCTGAAAACCGAGGACACGGCCGTGTATTACTGTACTAGGGA,GAGGTGCAGCTGGTGGAGTCCGGGGGA...GGCTTGGTCCAGCCTGGCGGGTCCCTGAGACTCTCCTGTGCAGCCTCTGGATTCACCTTC............AGTGATTATGCTATGGACTGGGTCCGCCAGGCTCCAGGAAAGGGGCTGGAGTGGGTGGGTTTCATTAGAAGCAAAGCTTATGGTGGGACAGCAGAATACGCCGCGTCTGTGAAA...GGCAGATTCACCATCTCCAGAGATGATTCAAAGAACACGGCGTATCTGCAAATGAGCAGCCTGAAAACCGAGGACACGGCCGTGTATTACTGTACTAGGGA
IGHV-QTYG,IGHV,Y,,,,4470,4,3-prime variant of IGHV-VDAG ,N,,,,,,,,,,,GAGGTGCAGCTGGTGGAGTCCGGGGGAGGCTTGGTCCAGCCTGGCGGGTCCCTGAGACTCTCCTGTGCAGCCTCTGGATTCACCTTCAGTGATTATGCTATGGACTGGGTCCGCCAGGCTCCAGGAAAGGGGCTGGAGTGGGTAGGTTTCATTAGAAGCAAAGCTTATGGTGGGACAGCAGAATACGCCGCGTCTGTGAAAGGCAGATTCACCATCTCCAGAGATGATTCAAAGAACACGGCGTATCTGCAAATGAGCAGCCTGAAAACCGAGGACTCGGCCGTGTATTACTGTACTAGGGA,GAGGTGCAGCTGGTGGAGTCCGGGGGA...GGCTTGGTCCAGCCTGGCGGGTCCCTGAGACTCTCCTGTGCAGCCTCTGGATTCACCTTC............AGTGATTATGCTATGGACTGGGTCCGCCAGGCTCCAGGAAAGGGGCTGGAGTGGGTAGGTTTCATTAGAAGCAAAGCTTATGGTGGGACAGCAGAATACGCCGCGTCTGTGAAA...GGCAGATTCACCATCTCCAGAGATGATTCAAAGAACACGGCGTATCTGCAAATGAGCAGCCTGAAAACCGAGGACTCGGCCGTGTATTACTGTACTAGGGA
IGHV-HJ2G,IGHV,Y,,,,40,2,3-prime variant of IGHV-77VV,N,,,,,,,,,,,CAGGTGCAGCTGCAGGAGTCGGGCCCAGGACTGGTGAAGCCTTCGGAGACCCTGTCTGTCACCTGCACTGTCTCTGGTGCCTCCATCAGTAGTTACTGGTGGAGCTGGATCCGCCAGCCCCCAGGGAAGGGACTGGAGTGGATTGGGGAGATCAATGGTAATAGTGGGAGCACCAACTACAACCCCTCCCTCAAGAGTCGAGTCACCATTTCAAAAGACGCGTCCAAGAACCAGTTCTCCCTGAAGCTGAGCTCTGTGACCGCCGCGGACACGGCCGTGTATTACTGTGCGAAAGA,CAGGTGCAGCTGCAGGAGTCGGGCCCA...GGACTGGTGAAGCCTTCGGAGACCCTGTCTGTCACCTGCACTGTCTCTGGTGCCTCCATC............AGTAGTTACTGGTGGAGCTGGATCCGCCAGCCCCCAGGGAAGGGACTGGAGTGGATTGGGGAGATCAATGGTAAT......AGTGGGAGCACCAACTACAACCCCTCCCTCAAG...AGTCGAGTCACCATTTCAAAAGACGCGTCCAAGAACCAGTTCTCCCTGAAGCTGAGCTCTGTGACCGCCGCGGACACGGCCGTGTATTACTGTGCGAAAGA
IGHV-N2W7,IGHV,Y,,,,208,2,shorter variant of IGHV-7WXH_S3442,N,,,,,,,,,,,CAGGTGCAGCTGCAGGAGTCGGGCCCAGGACTGGTGAAGCCTTCGGAGACCCTGTCCCTCACCTGCGCTGTCTCTGGTGGCTCCATCAGCAGTGGTTATGGCTGGAGCTGGATCCGCCAGCCCCCAGGGAAGGGGCTGGAGTGGATTGGGCATATCTATGGTAGTATTGGGAGCACCTACTACAACCCCTCCCTCAAGAGTCGAGTCACCATTTCAAAAGACACGTCCAAGAACCAGTTCTCCCTGAAGCTGAGCTCTGTGACCGCCGCGGACACGGCCGTGTATTACTGTGCGAGA,CAGGTGCAGCTGCAGGAGTCGGGCCCA...GGACTGGTGAAGCCTTCGGAGACCCTGTCCCTCACCTGCGCTGTCTCTGGTGGCTCCATCAGC.........AGTGGTTATGGCTGGAGCTGGATCCGCCAGCCCCCAGGGAAGGGGCTGGAGTGGATTGGGCATATCTATGGTAGT......ATTGGGAGCACCTACTACAACCCCTCCCTCAAG...AGTCGAGTCACCATTTCAAAAGACACGTCCAAGAACCAGTTCTCCCTGAAGCTGAGCTCTGTGACCGCCGCGGACACGGCCGTGTATTACTGTGCGAGA
IGHV-NZHW,IGHV,Y,,,,26435,34,3-prime variant of IGHV-2QNG,N,,,,,,,,,,,CAGGTGCAGCTGCAGGAGTCGGGCCCAGGACTGGTGAAGCCTTCGGAGACCCTGTCCCTCACATGCGCTGTCTCTGGTGGCTCTATCAGCAGTAGTAACTGGTGGAGCTGGATCCGCCAGCCCCCAGGGAAAGGGCTGGAGTGGATTGGGTATATCAGTGGTAGTAGTGGTAGCACCTACTACAACCCCTCCCTCAAGAGTCGAGTCACCATTTCAACAGACACGTCCAAGAACCAGTTCTCCCTGAAGCTGAGCTCTGTGACCGCCGCGGACACGGCCGTGTATTACTGTGCGAGAGA,CAGGTGCAGCTGCAGGAGTCGGGCCCA...GGACTGGTGAAGCCTTCGGAGACCCTGTCCCTCACATGCGCTGTCTCTGGTGGCTCTATCAGC.........AGTAGTAACTGGTGGAGCTGGATCCGCCAGCCCCCAGGGAAAGGGCTGGAGTGGATTGGGTATATCAGTGGTAGT......AGTGGTAGCACCTACTACAACCCCTCCCTCAAG...AGTCGAGTCACCATTTCAACAGACACGTCCAAGAACCAGTTCTCCCTGAAGCTGAGCTCTGTGACCGCCGCGGACACGGCCGTGTATTACTGTGCGAGAGA
IGHV-ZL7B,IGHV,Y,,,,642,2,3-prime variant of IGHV-A3ZN,N,,,,,,,,,,,CAGCTGCAGCTGCAGGAGTCGGGCCCAGGACTGGTGAAGCCTTCGGAGACCCTGTCTGTCACCTGCGCTGTCTCTGGTGGCTCTATCAGCAGTAGCTACTGGAGCTGGATCCGCCAGGCCCCAGGGAAGGGACTGGAGTGGATTGGGTATATCTATGGTAGTGGTAGTAGCACCAACTACAACCCCTCCCTCAAGAGTCGAGTCACCCTGTCAGTAGACACGTCCAAGAACCAGTTCTCCCTGAAGCTGAGCTCTGTGACCGCCGCGGACACGGCCGTGTATTACTGTGCGAGGGA,CAGCTGCAGCTGCAGGAGTCGGGCCCA...GGACTGGTGAAGCCTTCGGAGACCCTGTCTGTCACCTGCGCTGTCTCTGGTGGCTCTATC............AGCAGTAGCTACTGGAGCTGGATCCGCCAGGCCCCAGGGAAGGGACTGGAGTGGATTGGGTATATCTATGGTAGT......GGTAGTAGCACCAACTACAACCCCTCCCTCAAG...AGTCGAGTCACCCTGTCAGTAGACACGTCCAAGAACCAGTTCTCCCTGAAGCTGAGCTCTGTGACCGCCGCGGACACGGCCGTGTATTACTGTGCGAGGGA
IGHV-ZL7B,IGHV,Y,,,,934,4,3-prime variant of IGHV-A3ZN,N,,,,,,,,,,,CAGCTGCAGCTGCAGGAGTCGGGCCCAGGACTGGTGAAGCCTTCGGAGACCCTGTCTGTCACCTGCGCTGTCTCTGGTGGCTCTATCAGCAGTAGCTACTGGAGCTGGATCCGCCAGGCCCCAGGGAAGGGACTGGAGTGGATTGGGTATATCTATGGTAGTGGTAGTAGCACCAACTACAACCCCTCCCTCAAGAGTCGAGTCACCCTGTCAGTAGACACGTCCAAGAACCAGTTCTCCCTGAAGCTGAGCTCTGTGACCGCCGCGGACACGGCCGTGTATTACTGTGCGAGGG,CAGCTGCAGCTGCAGGAGTCGGGCCCA...GGACTGGTGAAGCCTTCGGAGACCCTGTCTGTCACCTGCGCTGTCTCTGGTGGCTCTATC............AGCAGTAGCTACTGGAGCTGGATCCGCCAGGCCCCAGGGAAGGGACTGGAGTGGATTGGGTATATCTATGGTAGT......GGTAGTAGCACCAACTACAACCCCTCCCTCAAG...AGTCGAGTCACCCTGTCAGTAGACACGTCCAAGAACCAGTTCTCCCTGAAGCTGAGCTCTGTGACCGCCGCGGACACGGCCGTGTATTACTGTGCGAGGG
IGHV-FOCJ,IGHV,Y,,,,5018,7,3-prime variant of IGHV-HHZI,N,,,,,,,,,,,CAGGTGCAGCTACAGGAGTCGGGCCCAGGAGTGGTGAAGCCTTCGGAGACCCTGTCCCTCACCTGCGCTGTCTCTGGTGGCTCCATCAGCAGTTACTGGTGGGGCTGGATCCGCCAGCCCCCAGGGAAGGGACTGGAGTGGATTGGACAGATCTATGGTGGTAGTGGTAGCACCAGCTACAACCCCTCCCTCAAGAGTCGAGTCACCATTTCAAGTGACACGTCCAAGAACCAGTTCTCCCTGAAGCTGAGCTCTGTGACCGCCGCGGACACGGCCGTGTATTACTGTGCGAAAGA,CAGGTGCAGCTACAGGAGTCGGGCCCA...GGAGTGGTGAAGCCTTCGGAGACCCTGTCCCTCACCTGCGCTGTCTCTGGTGGCTCCATC............AGCAGTTACTGGTGGGGCTGGATCCGCCAGCCCCCAGGGAAGGGACTGGAGTGGATTGGACAGATCTATGGTGGT......AGTGGTAGCACCAGCTACAACCCCTCCCTCAAG...AGTCGAGTCACCATTTCAAGTGACACGTCCAAGAACCAGTTCTCCCTGAAGCTGAGCTCTGTGACCGCCGCGGACACGGCCGTGTATTACTGTGCGAAAGA
IGHV-NUB6,IGHV,Y,,,,316,3,3-prime variant of IGHV-IB4X,N,,,,,,,,,,,CAGGTGCAGCTGCAGGAGTCGGGCCCAGGACTGGTGAAGCCTTCGGAGACCCTGTCCCTCACCTGCGCTGTCTCTGGTGGCTCCATCAGCGGTTACTGGTGGGGCTGGATCCGCCAGCCCCCAGGGAAGGGGCTGGAGTGGATTGGGTATATCGGTGGTAGTAGTGGGAGCACCTACTACAACCCCTCCCTCAAGAGTCGAGTCACCATTTCAACAGACACGTCCAAGAACCAGTTCTCCCTGAAGCTGAGCTCTGTGACCGCCGCGGACACGGCCGTGTATTACTGTGCGAGGGA,CAGGTGCAGCTGCAGGAGTCGGGCCCA...GGACTGGTGAAGCCTTCGGAGACCCTGTCCCTCACCTGCGCTGTCTCTGGTGGCTCCATC............AGCGGTTACTGGTGGGGCTGGATCCGCCAGCCCCCAGGGAAGGGGCTGGAGTGGATTGGGTATATCGGTGGTAGT......AGTGGGAGCACCTACTACAACCCCTCCCTCAAG...AGTCGAGTCACCATTTCAACAGACACGTCCAAGAACCAGTTCTCCCTGAAGCTGAGCTCTGTGACCGCCGCGGACACGGCCGTGTATTACTGTGCGAGGGA
IGHV-AUFB,IGHV,Y,,,,1809,6,3-prime variant of IGHV-JYZT,N,,,,,,,,,,,CAGGTGCAGCTGCAGGAGTCGGGCCCAGGACTGGTGAAGCCTTTGGAGACCCTGTCCCTCACCTGCGCTGTCTCTGGTGGCTCTATCAGCAGTAACTACTGGAGCTGGATCCGCCAGCCCCCAGGGAAGGGACTGGAGTGGATTGGGTATATCTATGGTAGTGGTAGTAGCACCAACTACAACCCCTCCCTCAAGAGTCGAGTCACCCTGTCAGTAGACACGTCCAAGAACCAGTTCTCCCTGAAGCTGAGCTCTGTGACCGCCGCGGACACGGCCGTGTATTACTGTGCGAGCGA,CAGGTGCAGCTGCAGGAGTCGGGCCCA...GGACTGGTGAAGCCTTTGGAGACCCTGTCCCTCACCTGCGCTGTCTCTGGTGGCTCTATC............AGCAGTAACTACTGGAGCTGGATCCGCCAGCCCCCAGGGAAGGGACTGGAGTGGATTGGGTATATCTATGGTAGT......GGTAGTAGCACCAACTACAACCCCTCCCTCAAG...AGTCGAGTCACCCTGTCAGTAGACACGTCCAAGAACCAGTTCTCCCTGAAGCTGAGCTCTGTGACCGCCGCGGACACGGCCGTGTATTACTGTGCGAGCGA
IGHV-MYHZ,IGHV,Y,,,,4215,13,3-prime variant of IGHV-PY3X; same as VH4_2H_F133 (KU593135) and VH4_2H_F124 (KU592914),N,,,,,,,,,,,CAGGTGCAGCTGCAGGAGTCGGGCCCAGGACTGGTGAAGCCTTCGGAGACCCTGTCCCTCACCTGCGCTGTCTCTGGTGGCTCCATCAGCAGTAGTAACTGGTGGAGCTGGATCCGCCAGTCCCCAGGGAAGGGGCTGGAGTGGATTGGGTATATCTATGGTGGTAGTGGGAGCACCAGCTACAACCCCTCCCTCAAGAGTCGAGTCACCATTTCAACAGACACGTCCAAGAACCAGTTTTCCCTGAAGCTGAGCTCTGTGACCGCCGCGGACACCGCCGTGTATTACTGTGCGAGACA,CAGGTGCAGCTGCAGGAGTCGGGCCCA...GGACTGGTGAAGCCTTCGGAGACCCTGTCCCTCACCTGCGCTGTCTCTGGTGGCTCCATCAGC.........AGTAGTAACTGGTGGAGCTGGATCCGCCAGTCCCCAGGGAAGGGGCTGGAGTGGATTGGGTATATCTATGGTGGT......AGTGGGAGCACCAGCTACAACCCCTCCCTCAAG...AGTCGAGTCACCATTTCAACAGACACGTCCAAGAACCAGTTTTCCCTGAAGCTGAGCTCTGTGACCGCCGCGGACACCGCCGTGTATTACTGTGCGAGACA
IGHV-A3FG,IGHV,Y,,,,369,2,3-prime variant of IGHV-4VQH,N,,,,,,,,,,,CAGGTGCAGCTGCAGGAGTCGGGCCCAGCAGTGGTGAAGCCTTCGGAGACCCTGTCCCTCACCTGCGCTGTCTCTGGTGGCTCCATCAGCAGTAGTTACTGGTGGAGCTGGATCCGCCAGTCCCCAGGGAAGGGGCTGGAATGGATTGGGGGTATCTATGGTAGTGGTGGGAGCACCGAATACAACCCCTCCCTCAAGAGTCGAGTCACCATTTCAATAGACACGTCCAAGAACCAGTTCTCCCTGAAGCTGAGCTCTGTGACCGCCGCGGACACCGCCGTGTATTACTGTGCGAGAGA,CAGGTGCAGCTGCAGGAGTCGGGCCCA...GCAGTGGTGAAGCCTTCGGAGACCCTGTCCCTCACCTGCGCTGTCTCTGGTGGCTCCATCAGC.........AGTAGTTACTGGTGGAGCTGGATCCGCCAGTCCCCAGGGAAGGGGCTGGAATGGATTGGGGGTATCTATGGTAGT......GGTGGGAGCACCGAATACAACCCCTCCCTCAAG...AGTCGAGTCACCATTTCAATAGACACGTCCAAGAACCAGTTCTCCCTGAAGCTGAGCTCTGTGACCGCCGCGGACACCGCCGTGTATTACTGTGCGAGAGA
